timestamp,price,daily_return,MA_5,MA_15,volatility_7
2025-05-17 22:04:45.309,2.3580812986317876,,,,
2025-05-17 23:04:43.916,2.3392457783429315,-0.007987646693854433,,,
2025-05-18 00:07:47.252,2.3557149396844066,0.007040372368713355,,,
2025-05-18 01:04:52.837,2.3588239724885556,0.0013197831162736762,,,
2025-05-18 02:02:09.791,2.361606707101858,0.0011797127067378899,2.354694539249908,,
2025-05-18 03:04:57.106,2.36173858892836,5.5844110751213094e-05,2.355425997309222,,
2025-05-18 04:04:59.898,2.359547874613826,-0.0009275854342238876,2.359486416563401,,
2025-05-18 05:06:51.482,2.369107162627021,0.0040513219146949275,2.362164861151924,,0.004665137912740888
2025-05-18 06:08:41.349,2.3803708126851353,0.004754386055557225,2.36647422919124,,0.0028566311733717402
2025-05-18 07:04:57.778,2.3796699934708343,-0.00029441598366364286,2.3700868864650353,,0.0021762126003080674
2025-05-18 08:09:33.772,2.3949825007798773,0.006434718827003971,2.3767356688353387,,0.002872988310598318
2025-05-18 09:03:15.707,2.4017712353126566,0.002834565401028444,2.385180340975105,,0.002844992028865192
2025-05-18 10:04:37.264,2.388903265650337,-0.005357699964561591,2.389139561579768,,0.004066784572593818
2025-05-18 11:00:44.615,2.3905176498536274,0.000675784669267987,2.3911689290134666,,0.003941137218785391
2025-05-18 12:03:39.506,2.3914292098481904,0.000381323264699196,2.393520772288938,2.3727673993346268,0.003845740566389184
2025-05-18 13:02:13.745,2.3880635533383616,-0.0014073828721203885,2.3921369828006345,2.374766216315065,0.0036352478127828964
2025-05-18 14:02:44.941,2.3986023375300265,0.004413108762089779,2.391503203244109,2.378723320260872,0.003896990002154747
2025-05-18 15:09:50.534,2.430654130378544,0.013362695577760153,2.3998533761897503,2.383719266307147,0.005854254586763284
2025-05-18 16:09:46.764,2.439737864043807,0.0037371559991747905,2.409697419027786,2.3891135257441642,0.005882260031159905
2025-05-18 17:09:45.441,2.4392179416606172,-0.000213105838480665,2.419255165390271,2.3942876080480815,0.005032128268468803
2025-05-18 18:04:54.129,2.4126474139083416,-0.010893051948521859,2.4241719375042674,2.3976815297134135,0.007305961431988703
2025-05-18 19:06:33.063,2.3985947824860965,-0.005824569036169569,2.4241704264954813,2.4002846569048986,0.007801430093985937
2025-05-18 20:09:40.416,2.372911519049888,-0.010707629160098486,2.41262190422975,2.400538280666423,0.008887503878585064
2025-05-18 21:04:05.753,2.3734698533983107,0.00023529505585861976,2.399368302100651,2.400078216713968,0.008609114288078163
2025-05-18 22:04:35.007,2.3873512202683944,0.0058485541116979345,2.3889949578222067,2.400590298500472,0.006710179630185818
2025-05-18 23:03:46.061,2.397404106676473,0.004210895457162023,2.3859462963758324,2.400751738893578,0.00678606366438766
2025-05-19 00:09:48.437,2.423229805098606,0.010772359299048517,2.3908733008983343,2.4021823102126416,0.00846068038659611
2025-05-19 01:04:00.756,2.400743628856665,-0.009279423765186867,2.39643972285969,2.4029716677597297,0.008159934310479849
2025-05-19 02:04:51.407,2.390425863692976,-0.004297737184291828,2.3998309249186227,2.402965548682353,0.00801861183823091
2025-05-19 03:05:23.972,2.3806513059120187,-0.004089044521069729,2.3984909420473475,2.402247021753275,0.00692438382727172
2025-05-19 04:05:00.224,2.3606094754024864,-0.008418633362963002,2.39113201579255,2.400416749890884,0.007705093850509063
2025-05-19 05:04:36.823,2.3450152618744013,-0.0066060115790335106,2.3754891071477098,2.3968442781805086,0.007357451355245499
2025-05-19 06:09:42.135,2.3398081713282703,-0.0022204932440264002,2.363302015642031,2.39078788091049,0.006752087551386283
2025-05-19 07:04:33.085,2.3068914597438885,-0.014068124040141128,2.346595134852213,2.3819314539571623,0.00399877915480232
2025-05-19 08:04:58.871,2.311895240813776,0.002169057867353219,2.3328439218325645,2.3734432739007056,0.005099446622273059
2025-05-19 09:04:58.150,2.2988177360632527,-0.005656616493539657,2.320485573964718,2.3658546287110336,0.0050780188974916185
2025-05-19 10:09:38.484,2.313221345772629,0.006265659727353157,2.3141267907443632,2.3601630662634694,0.006794530791075779
2025-05-19 11:00:50.631,2.316887907677973,0.001585045854796574,2.3095427380143034,2.356428158838675,0.006781048032429382
2025-05-19 12:01:09.235,2.3230544318150455,0.0026615548023005697,2.312775332428535,2.3530671307331237,0.006784044318509909
2025-05-19 13:04:52.177,2.3017433341297004,-0.009173740138621822,2.31074495109172,2.3473599383238772,0.007416822908475523
2025-05-19 14:02:04.054,2.3264921274495785,0.010752195065761194,2.3162798293689852,2.3426324730420847,0.006766961320270919
2025-05-19 15:09:02.371,2.3468702933168495,0.008759181097943713,2.3230096188778293,2.337541838923301,0.007352618244531263
2025-05-19 16:04:21.015,2.346493146758643,-0.00016070191832939784,2.3289306666939633,2.333925140116766,0.0066360386610574236
2025-05-19 17:09:54.190,2.3632465903672766,0.007139779475501928,2.3369690984044094,2.3321131885617197,0.006716444539076504
2025-05-19 18:04:26.522,2.368377596983632,0.0021711685260732416,2.350295950975196,2.3312949412998267,0.006698323398481977
2025-05-19 19:01:28.857,2.364690573477557,-0.0015567718216769055,2.357935640180792,2.3315670145048317,0.006936595531511618
2025-05-19 20:06:11.305,2.386440393112451,0.009197744465530011,2.3658496601399124,2.3343286899207016,0.004946428013774187
2025-05-19 21:06:53.774,2.3873899321932996,0.00039788929301942666,2.3740290172268432,2.3375008073117036,0.00453564011275308
2025-05-19 22:09:49.322,2.379232255702723,-0.003416985378288051,2.3772261502939327,2.342323527042292,0.004609347146305154
2025-05-19 23:07:10.136,2.3799922368541213,0.00031942285145847293,2.37954907826803,2.346863326778315,0.004575851868586494
2025-05-20 00:09:16.103,2.38057843200709,0.00024630128783265093,2.382726649973937,2.352314039841238,0.003999935174850064
2025-05-20 01:09:44.770,2.3811228436078933,0.0002286887898688139,2.3816631400730257,2.3568408063635884,0.003976603576397734
2025-05-20 02:04:59.255,2.3978175970763065,0.007011294487905273,2.3837486730496265,2.3622361189901446,0.004432237852879155
2025-05-20 03:04:50.868,2.395690978561601,-0.0008868975343655494,2.387040417621402,2.3670785554399147,0.00315756758173749
2025-05-20 04:09:34.202,2.3813829685321477,-0.005972393834385192,2.3873185639570074,2.372387864400078,0.004013168940970191
2025-05-20 05:08:31.618,2.3836070121754234,0.0009339294320420688,2.387924279990674,2.376195523381801,0.0037902604110094666
2025-05-20 06:03:33.083,2.383131346671914,-0.00019955701635365752,2.3883259806034784,2.378612926938805,0.00379417484097986
2025-05-20 07:08:15.543,2.3659028582890675,-0.00722934906920103,2.3819430328460305,2.3799069077075004,0.0047170174148879074
2025-05-20 08:03:56.340,2.352536937216666,-0.0056493955470628965,2.373312224577044,2.379192930830793,0.0050026702403686675
2025-05-20 09:03:59.009,2.3548584063946625,0.0009867939335070908,2.3680073121495466,2.3782916514581953,0.0035625021578305927
2025-05-20 10:03:18.489,2.352182561135776,-0.001136308345172754,2.361722421941617,2.377457783968743,0.0035440176430625316
2025-05-20 11:03:54.536,2.3436250762984017,-0.0036381040225220707,2.3538211678669145,2.374603429514473,0.0032744153582508553
2025-05-20 12:04:05.410,2.3481854643720284,0.0019458692944305245,2.3502776890835073,2.3719897983263882,0.003456998153626431
2025-05-20 13:03:36.761,2.3352488076493674,-0.005509214207711888,2.346820063170047,2.3690575684561646,0.0035438856797692297
2025-05-20 14:03:43.061,2.3302195323262618,-0.0021536357524867267,2.341892288356367,2.3657393881543074,0.0029829013654005428
2025-05-20 15:03:36.721,2.3339112176961527,0.001584265052574585,2.3382380196684425,2.3626282405335783,0.0028232658632249895
2025-05-20 16:06:28.482,2.343254287359211,0.004003181265944233,2.3381638618806044,2.3601036701169993,0.003376458237179984
2025-05-20 17:00:55.316,2.3389528868832614,-0.0018356524510181327,2.3363173463828506,2.3561793561041293,0.0034017521317685844
2025-05-20 18:02:45.248,2.350388500090254,0.004889202031867601,2.3393452848710283,2.3531591908727068,0.0037274624654485768
2025-05-20 19:03:22.957,2.3308447686186766,-0.008315106830563024,2.339470332129511,2.3497899775451416,0.004869115594205662
2025-05-20 20:04:14.330,2.3517988507765066,0.00898990891197271,2.343047858745582,2.34766943345188,0.005672724244513433
2025-05-20 21:03:47.196,2.3533973593331883,0.00067969612118568,2.3450764731403773,2.345687167629299,0.005506933204437087
2025-05-20 22:03:35.085,2.3534430337662995,1.9407871318488645e-05,2.347974502516985,2.3448565126611145,0.0055312376751022125
2025-05-20 23:03:34.292,2.3476791522763367,-0.0024491272604710845,2.3474326329542015,2.3445326603317587,0.005524715018417799
2025-05-21 00:01:28.014,2.356591868312313,0.0037963944209900014,2.3525820528929287,2.3446482244596023,0.005574689612867253
2025-05-21 01:03:49.354,2.351382553960461,-0.0022105288666648404,2.35249879352972,2.3445948906479144,0.005411128179412151
2025-05-21 02:03:19.355,2.3522259041951012,0.0003586614322792503,2.3522645025021025,2.345168279174361,0.003971906464831375
2025-05-21 03:03:51.756,2.3510886016192116,-0.00048350057443946604,2.3517936160726847,2.345361821657507,0.0020860695021726093
2025-05-21 04:03:31.582,2.3618903979510213,0.0045943808006088105,2.3546358652076216,2.347137927677617,0.002735277275519236
2025-05-21 05:03:38.694,2.372426169218151,0.004460736737093907,2.3578027253887894,2.34995170347041,0.003092181297584448
2025-05-21 06:01:27.896,2.3818853572002006,0.003987136925389212,2.363903286036737,2.353149979437346,0.002784358672959032
2025-05-21 07:03:43.598,2.3817653733509956,-5.0373477817555745e-05,2.369811179867916,2.3557173851701316,0.002766830793046935
2025-05-21 08:03:27.982,2.353664210264361,-0.011798459831959929,2.370326301596946,2.356698140062205,0.005719983199741351
2025-05-21 09:03:10.165,2.3539925245974422,0.00013949072754293468,2.36874672692623,2.3569384083626845,0.0057192674215595695
2025-05-21 10:02:23.761,2.340885147162289,-0.005568147433855808,2.3624385225150575,2.357607766932259,0.006117886664190429
2025-05-21 11:03:31.969,2.346244482628183,0.0022894482766020463,2.3553103476006543,2.3572374757223704,0.005847454991606866
2025-05-21 12:03:46.706,2.3535479720126626,0.0031128424333248805,2.3496668673329877,2.3572475165676683,0.005659354320617562
2025-05-21 13:03:43.331,2.3556016523553853,0.0008725891153034127,2.3500543557511926,2.3573914244736076,0.005301395569029482
2025-05-21 14:03:24.820,2.370763267211082,0.006436408651919745,2.353408504273921,2.3589303654692575,0.006116020821612577
2025-05-21 15:03:52.549,2.3865514826861425,0.006659549560860789,2.3625417713786914,2.3609276730941793,0.004177803459722016
2025-05-21 16:03:19.541,2.398436612972766,0.004980043536813472,2.3729801974476077,2.364064610361666,0.004220507483739914
2025-05-21 17:03:18.898,2.4209692520652077,0.009394719447896271,2.3864644534581165,2.3686475002196734,0.0029396858865853182
2025-05-21 18:02:51.066,2.3611586947074894,-0.024705211479533196,2.3875758619285374,2.3693188397588916,0.011641352111122221
2025-05-21 19:03:35.716,2.361935328904745,0.00032892079596202883,2.38581027426727,2.369321835155807,0.011603213929081048
2025-05-21 20:01:24.147,2.3812256325993726,0.008167159980443817,2.384745104249916,2.3699084660478884,0.011957418043563792
2025-05-21 21:03:15.933,2.3803438324935806,-0.0003703135451424977,2.381126548154079,2.369805697734114,0.011774770792133514
2025-05-21 22:03:46.255,2.3794234972054613,-0.0003866396423726215,2.37281739718213,2.3696495726577447,0.011471320012920628
2025-05-21 23:03:39.765,2.393743261452084,0.00601816543521605,2.379334310531049,2.372321509403593,0.011558396831443357
2025-05-22 00:03:18.060,2.4028996266349396,0.00382512416026648,2.387527170077088,2.3755819828727596,0.01096241256151726
2025-05-22 01:03:32.208,2.3988916935547437,-0.0016679569282752604,2.3910603822681624,2.3794490859655895,0.0037538391169998917
2025-05-22 02:03:43.739,2.3967551470577977,-0.0008906389991204522,2.3943426451810055,2.382816463594231,0.003885137213751158
2025-05-22 03:03:58.676,2.404809439369368,0.003360498598055761,2.399419833613787,2.3862338947513444,0.0029449561294289713
2025-05-22 04:03:25.275,2.415796404465702,0.00456874666094742,2.4038304622165105,2.390246878225365,0.0030368328696659314
2025-05-22 05:03:31.301,2.4185296814486645,0.0011314185988147152,2.4069564731792554,2.3934313058412044,0.0028782074412551876
2025-05-22 06:04:10.227,2.4120471379484445,-0.0026803654922841202,2.4095875620579954,2.3951310161920247,0.0029006991872052475
2025-05-22 07:03:14.491,2.3982462545384844,-0.00572164747232029,2.409885783554133,2.3951183256297393,0.0035690275890572333
2025-05-22 08:03:03.859,2.402946079293187,0.00195969231508597,2.409513111538897,2.393916780778271,0.0035957225183147054
2025-05-22 09:03:31.823,2.432821129715456,0.012432676155203826,2.4129180565888473,2.3986942764454686,0.0057650970045814934
2025-05-22 10:03:45.883,2.435261537569896,0.0010031184885037625,2.4162644278130934,2.4035826903564788,0.0057514474437518155
2025-05-22 11:07:28.523,2.4255689472050306,-0.0039801024306150845,2.4189687896644108,2.406538911330189,0.005972252866160382
2025-05-22 12:03:47.075,2.4298674786561816,0.00177217450615208,2.42529303448795,2.4098404877410293,0.005986789178077849
2025-05-22 13:03:43.272,2.4331462092357006,0.0013493454306949815,2.431333060476453,2.413422001876379,0.005800238887952527
2025-05-22 14:03:52.506,2.42233732634232,-0.004442348286491149,2.4292362998018255,2.415328272869061,0.005558745875002545
2025-05-22 15:03:26.773,2.427674533824466,0.0022033295792891483,2.4277188990527394,2.416979933348363,0.00556328789210442
2025-05-22 16:03:47.873,2.4334749011703662,0.0023892689341526996,2.429300089845807,2.419285480522738,0.002946583023152962
2025-05-22 17:03:23.632,2.4258537318824556,-0.0031318051746682674,2.428497340491062,2.421225386177715,0.0031305434851281897
2025-05-22 18:02:22.954,2.4294726809283698,0.0014918249185229548,2.4277626348295955,2.4228696022816485,0.002796200255056373
2025-05-22 19:03:47.820,2.432984515570228,0.0014455131228379159,2.4298920726751776,2.4240154763552835,0.0027688257102700875
2025-05-22 20:02:24.178,2.423063114256215,-0.004077872773344704,2.4289697887615267,2.4243177052091203,0.003125770587540098
2025-05-22 21:03:23.018,2.423019861043137,-1.7850634110083696e-05,2.426878780736081,2.4250492200820997,0.0026237003555555794
2025-05-22 22:03:47.650,2.41432574820951,-0.0035881310646309617,2.424573184001492,2.4261211863268346,0.0027395761916305978
2025-05-22 23:02:13.637,2.419811254496107,0.0022720655200172413,2.422640898715039,2.4272455313403625,0.0027172157736985144
2025-05-23 00:03:28.129,2.4291564324662285,0.003861944997882727,2.4218752820942395,2.427001218190414,0.0029894531336577923
2025-05-23 01:04:19.573,2.437299448034141,0.003352198919377436,2.4247225488498247,2.4271370788880304,0.0031989776134157604
2025-05-23 02:03:55.452,2.4519033155646897,0.0059918232625573165,2.430499239754135,2.4288927034453414,0.0038306151563951797
2025-05-23 03:03:31.349,2.4695143505617603,0.007182597651903988,2.4415369602245853,2.4315358282390465,0.0036471970375193366
2025-05-23 04:03:30.465,2.4721977191534235,0.0010865976911826891,2.4520142531560483,2.4341392622335607,0.0035309482648873372
2025-05-23 05:03:25.718,2.4504678770863566,-0.008789686156052245,2.456276542080074,2.4360146322831637,0.005248554078093497
2025-05-23 06:03:33.086,2.453116906722762,0.001081030141703021,2.459440033817798,2.437710790476383,0.005262724274546209
2025-05-23 07:03:24.006,2.427069646388419,-0.010618026504550238,2.4544732999825443,2.43728377349092,0.006964272682978406
2025-05-23 08:03:28.313,2.4242581323115457,-0.0011583985985145206,2.445422056332501,2.4371774001861928,0.006798103200643707
2025-05-23 09:03:20.891,2.4381560810465692,0.005732866706637196,2.4386137287111307,2.437756293527406,0.006755898186755643
2025-05-23 10:03:36.112,2.4513656162426725,0.005417838217491422,2.438793276542394,2.438981700238903,0.006434369712991603
2025-05-23 11:03:26.573,2.4419549430307175,-0.0038389512970240514,2.4365608838039847,2.440241155490536,0.00643296038273235
2025-05-23 12:03:29.122,2.4057425545179076,-0.01482926153742481,2.4322954654298825,2.4390893350555207,0.007796678331707493
2025-05-23 13:03:59.745,2.3452463195804496,-0.02514659551739984,2.4164931028836634,2.4344840398135834,0.011263226976587975
2025-05-23 14:03:37.437,2.3646470903750005,0.008272380872138774,2.4017913047493495,2.430806428872176,0.012286376810168885
2025-05-23 15:04:08.400,2.37834208533133,0.005791559768928423,2.387186598567081,2.42741880572985,0.012791698285465813
2025-05-23 16:03:50.927,2.372143657311112,-0.0026061970052362327,2.37322434142316,2.423075086348314,0.012257249106372051
2025-05-23 17:08:32.164,2.359446266953538,-0.005352707167814108,2.363965083910286,2.416911283107571,0.011556147702022306
2025-05-23 18:04:00.946,2.367464648050338,0.003398416488268996,2.3684087496042636,2.4101079696068095,0.012031716404504575
2025-05-23 19:03:53.824,2.356711535167527,-0.0045420373612194975,2.366821638562769,2.4024088906744163,0.011133604267496485
2025-05-23 20:03:26.858,2.3544529156747056,-0.0009583775778738701,2.362043804631444,2.396007893246973,0.005295073570178586
2025-05-23 21:01:17.015,2.333223891703034,-0.009016542157347929,2.3542598515098283,2.388015025578991,0.005134286188271286
2025-05-23 22:02:51.131,2.3313737837779143,-0.0007929405882129981,2.348645354874704,2.381635301404957,0.003959455930682354
2025-05-23 23:03:40.775,2.3223065855799128,-0.0038892082690010765,2.3396137423806187,2.374838531622849,0.003976562303733711
2025-05-24 00:03:39.844,2.2991928362328755,-0.009952927615397233,2.3281100025936885,2.3655743153019357,0.004733946457838516
2025-05-24 01:03:56.642,2.3055990866799396,0.002786304109037019,2.3183392367947353,2.35585654666442,0.004584724521156716
2025-05-24 02:02:40.607,2.315175042945137,0.004153348394575707,2.314729467043156,2.3474045533253816,0.005438135611610418
2025-05-24 03:03:42.811,2.326586406710857,0.004928942111954937,2.313771991629744,2.342127476804911,0.0061317143297335685
2025-05-24 04:08:41.456,2.3343350535062792,0.003330478839329576,2.3161776852150178,2.3414000590666335,0.005403245555080646
2025-05-24 05:04:07.311,2.3450639702972245,0.004596134036041644,2.3253519120278874,2.3400945177281147,0.005636913860028777
2025-05-24 06:02:52.048,2.338175256665359,-0.002937537619066566,2.331867146024971,2.3374167291503833,0.0055136786838275295
2025-05-24 07:03:52.730,2.3351997596428307,-0.0012725722821871344,2.3358720893645097,2.334953802639165,0.003084208294713231
2025-05-24 08:03:37.778,2.337852360672758,0.0011359203935226159,2.3381252801568904,2.3335142088871126,0.0030973302705685213
2025-05-24 09:08:27.032,2.343365615293989,0.00235825611316387,2.3399313925144325,2.331907606703356,0.0029596831523172433
2025-05-24 10:03:47.575,2.345371729022025,0.0008560822583310035,2.3399929442593925,2.3311516196269895,0.0026061969926012216
2025-05-24 11:08:31.613,2.3574165594736596,0.0051355741619076856,2.3438412048210524,2.331349195880253,0.002927164839583456
2025-05-24 12:04:04.170,2.3555211393243365,-0.0008040242789107976,2.347905480757354,2.3328356790550067,0.0026456607277711773
2025-05-24 13:03:51.705,2.3519963583221073,-0.0014963911566678867,2.3507342802872238,2.3342105173579526,0.0023618225138869143
2025-05-24 14:03:31.889,2.3523563047759604,0.00015303869522553804,2.3525324181836176,2.3362138319710226,0.002205087722720483
2025-05-24 15:03:41.536,2.354247028604549,0.0008037574175092654,2.3543074781001225,2.3398841114624673,0.002206462741777901
2025-05-24 16:04:00.683,2.351347440481134,-0.0012316414072883752,2.3530936543016177,2.342934001715881,0.0022550548222821792
2025-05-24 17:03:43.255,2.35047525149589,-0.0003709315646969191,2.352084476735928,2.345287348952597,0.0022693233460923043
2025-05-24 18:00:56.436,2.3487806122881767,-0.0007209772605072384,2.351441327529142,2.3467669626577523,0.0007966874714258564
2025-05-24 19:03:39.635,2.348913348838772,5.6512962471222394e-05,2.3507527363417045,2.347738849013252,0.000812491424982279
2025-05-24 20:08:11.146,2.3475626651619153,-0.0005750249056758472,2.349415863653178,2.347905428670898,0.0006670689996876507
2025-05-24 21:03:52.228,2.3491201451614496,0.0006634455482903423,2.348970404589241,2.3486350879039706,0.0007443496437246556
2025-05-24 22:04:03.716,2.3420132843890236,-0.0030253287755691582,2.3472780111678673,2.3490893228870493,0.0011713410716458984
2025-05-24 23:03:26.658,2.333654655865209,-0.0035689927890375506,2.3442528198832737,2.3488094758998797,0.0015915023556934205
2025-05-25 00:04:07.146,2.331604739080521,-0.0008784147986661273,2.340791097931624,2.3480254174856485,0.0015653038892483014
2025-05-25 01:03:25.910,2.3179174756446685,-0.005870318929463991,2.3348620600281746,2.346195133927158,0.002345642869189272
2025-05-25 02:03:52.745,2.3138345437306738,-0.0017614656073375867,2.327804939742019,2.3432896662109592,0.002190291459551816
2025-05-25 03:03:26.483,2.3143935885770963,0.0002416096898274489,2.3222810005796335,2.340547829494476,0.0023065244598565538
2025-05-25 04:03:43.949,2.3232801388347277,0.003839688418379561,2.3202060971735374,2.338633414861985,0.003100218993698283
2025-05-25 05:03:31.605,2.3234032313166817,5.298219525773362e-05,2.3185657956207697,2.336703209964699,0.003078412528581696
2025-05-25 06:03:39.188,2.322016472986769,-0.0005968651120136226,2.31938559508919,2.3345545062568474,0.002885683074927194
2025-05-25 07:03:53.233,2.318722516888143,-0.0014185756806405214,2.3203631897206836,2.3323795113506476,0.0028981202285373116
2025-05-25 08:03:54.630,2.3075020454301587,-0.004839074695769496,2.318984881091296,2.3295146309462655,0.002608416569453684
2025-05-25 09:03:52.271,2.293430743052353,-0.006098067130936302,2.3130150019348212,2.3258246396638773,0.003333345137294974
2025-05-25 10:03:37.714,2.2882201050870035,-0.0022719840052438656,2.3059783766888855,2.3217784234137597,0.003279609852152133
2025-05-25 11:04:07.470,2.289720763961504,0.0006558192855503631,2.2995192348838325,2.3179222966670654,0.0025319763824171028
2025-05-25 12:03:28.694,2.290909469551388,0.0005191487139364348,2.293956625416482,2.314041584959728,0.002602385164883651
2025-05-25 13:03:27.739,2.302403679617435,0.005017313088455655,2.2929369522539367,2.311400944641622,0.0037301740716274272
2025-05-25 14:08:16.212,2.305869111997265,0.0015051367449194775,2.2954246260429194,2.309548575050426,0.003863582385505513
2025-05-25 15:03:53.001,2.294374490458562,-0.004984941026746625,2.2966555031172313,2.3070665584756287,0.0038893842741739553
2025-05-25 16:03:25.043,2.285354731917793,-0.003931249487944988,2.295782296708489,2.304895708893837,0.003460828021708321
2025-05-25 17:03:27.586,2.287782483651932,0.0010623084898953028,2.2951568995285974,2.3031589048885874,0.0034050903850799093
2025-05-25 18:02:03.168,2.2952106281307314,0.003246875317858944,2.293718289231257,2.3018800408588294,0.003624837758795515
2025-05-25 19:03:44.101,2.302489523231594,0.003171340796199962,2.2930423714781223,2.3004939998186207,0.003780979732006987
2025-05-25 20:06:32.195,2.3070989784658282,0.002001944064338179,2.2955872690795758,2.299407049628564,0.0033588865136255225
2025-05-25 21:03:57.170,2.306102497028427,-0.00043191967345235227,2.2997368221017025,2.298346117898008,0.003322253663675888
2025-05-25 22:07:26.049,2.307564549355486,0.0006339927773995058,2.3036932352424135,2.2976022533958305,0.0024849708427347886
2025-05-25 23:03:48.153,2.333716225901907,0.011333020588188969,2.3113943547966485,2.299349865427281,0.0039084592022369195
2025-05-26 00:03:33.919,2.3418153209253805,0.003470471231069805,2.3192595143354056,2.302575503952149,0.003814063168370956
2025-05-26 01:03:28.644,2.3467970979361916,0.0021273142106024157,2.3271991382294788,2.306480636808762,0.0038423076496676262
2025-05-26 02:03:39.796,2.346740253316484,-2.4222213227509393e-05,2.33532668948709,2.3102819360990936,0.004029687306682667
2025-05-26 03:03:22.000,2.3403157016083362,-0.0027376492558425225,2.34187691993766,2.3135756849028897,0.00453848559740185
2025-05-26 04:00:27.832,2.3434033329610973,0.0013193225814103204,2.3438143413494976,2.316308995125801,0.004425540281423357
2025-05-26 05:03:21.839,2.348764220733266,0.0022876504854136837,2.345204121311075,2.319168669041535,0.004365314914350473
2025-05-26 06:08:28.594,2.346579350992159,-0.0009302209739999734,2.3451605719222686,2.3226489930771077,0.0021433174850629434
2025-05-26 07:04:11.610,2.341567352061612,-0.0021358744712502986,2.344125991671294,2.3263965010866956,0.0020174550739550734
2025-05-26 08:03:21.444,2.351024082256651,0.004038632579461465,2.3462676678009573,2.3306126076603433,0.002440461635736946
2025-05-26 09:03:26.518,2.3448053356559715,-0.002645122458597049,2.3465480683399322,2.3339189214953593,0.002680516164089577
2025-05-26 10:03:41.845,2.343726886806296,-0.000459931079683229,2.3455406015545384,2.3366680790670062,0.002436165550265365
2025-05-26 11:03:50.763,2.3412916485163904,-0.0010390452503722392,2.344483061059384,2.3389475904037105,0.0024203091740406966
2025-05-26 12:03:54.081,2.335553948482612,-0.0024506558323966754,2.343280380343584,2.340911020500656,0.0022918603758335246
2025-05-26 13:03:29.308,2.340005419571204,0.0019059594369397193,2.341076647806495,2.3430737451817043,0.0025063211815889532
2025-05-26 14:04:07.728,2.331917227968535,-0.003456484132481785,2.3384990262690075,2.342953811986146,0.0027010749232157087
2025-05-26 15:06:16.551,2.3191696082235693,-0.005466583286950932,2.3335875705524622,2.341444097806025,0.002355421522529983
2025-05-26 16:03:58.453,2.334807672035694,0.006742958236721108,2.332290775256323,2.3406448027459916,0.0039933116812374
2025-05-26 17:02:14.492,2.317889269209446,-0.007246165510282454,2.32875783940169,2.3387214038055224,0.004711794025848282
2025-05-26 18:03:37.286,2.303354664875187,-0.006270620657912729,2.321427688462486,2.3362573346899795,0.005017969518479302
2025-05-26 19:02:47.950,2.307966565344995,0.0020022537302382126,2.3166375559377785,2.333894883515572,0.005274376913050413
2025-05-26 20:03:26.580,2.3108709553406315,0.0012584194412723626,2.314977825361191,2.33136866582273,0.00520615512276587
2025-05-26 21:03:48.883,2.3150206076982913,0.0017957092532880914,2.31102041249371,2.329264749603139,0.005301303804936938
2025-05-26 22:03:25.330,2.311927284324809,-0.0013361969060646794,2.309828015516783,2.327288745087352,0.004942428765888473
2025-05-26 23:03:52.125,2.3086878982146186,-0.0014011626283204626,2.310894662184669,2.3244663328178836,0.003796503762889224
2025-05-27 00:08:29.872,2.3090532747849006,0.00015826156951082027,2.3111120040726503,2.3220828620931457,0.0028825911883178807
2025-05-27 01:04:14.331,2.30386073403075,-0.0022487747731304575,2.309709959810674,2.3194251185747756,0.0017146654326194665
2025-05-27 02:03:56.898,2.284183680404666,-0.008540904116047798,2.303542574351949,2.3156179207006606,0.0034493259133805314
2025-05-27 03:08:24.631,2.288934055302672,0.002079681655533294,2.2989439285475215,2.312509927821998,0.0035696053297198456
2025-05-27 04:03:34.884,2.297925676441883,0.003928300650855698,2.2967914841929744,2.3097046116133764,0.003953778642065029
2025-05-27 05:03:26.321,2.2982143551409338,0.00012562577719998913,2.294623700264181,2.30745775342487,0.003974787499811628
2025-05-27 06:03:27.855,2.296090133347868,-0.0009242922829693079,2.2930695801276046,2.30591912176649,0.003967701142173066
2025-05-27 07:03:43.728,2.3051751056869634,0.003956714158188879,2.2972678651840637,2.3039436173432413,0.004357172874701987
2025-05-27 08:03:24.708,2.3011325736132564,-0.0017536767873875814,2.299707568846181,2.3028265043034954,0.004322861425569929
2025-05-27 09:03:49.559,2.3104952843706377,0.004068740265007698,2.302221490431932,2.303302545603192,0.002486012528735245
2025-05-27 10:09:49.578,2.3156277364636653,0.0022213644527846466,2.3057041666964784,2.3038132903444364,0.0024907596715094222
2025-05-27 11:03:48.688,2.3173747549908,0.0007544470553815241,2.3099610910250643,2.304246876987781,0.0022898911455412137
2025-05-27 12:02:47.523,2.3178959780234227,0.00022491961280768358,2.3125052654923564,2.30443856834279,0.002282371360227734
2025-05-27 13:08:35.058,2.3246369849667667,0.002908243945050737,2.3172061477630583,2.3052858817189206,0.0021369823675525365
2025-05-27 14:04:02.488,2.3393681678805684,0.00633698207895117,2.3229807244650447,2.3073312330299833,0.002666854420769592
2025-05-27 15:03:56.315,2.3296661285450897,-0.004147290481544275,2.3257884028813294,2.3087054232806627,0.0033184769641938674
2025-05-27 16:03:45.098,2.339110350196429,0.004053894906064226,2.3301355219224553,2.311055397691708,0.003316764939780635
2025-05-27 17:02:45.717,2.343914815556819,0.0020539712288418777,2.3353392894291347,2.3150374733685184,0.003313525169730079
2025-05-27 18:05:57.733,2.345741923034155,0.0007795110407637917,2.3395602770426125,2.3188246645506174,0.0033122950749744536
2025-05-27 19:03:46.541,2.3400744821029855,-0.0024160547567138035,2.3397015398870957,2.321634584928024,0.0036476370100748047
2025-05-27 20:03:46.345,2.340243562132347,7.225412295830402e-05,2.3418170266045473,2.324436532060785,0.0036051745370926
2025-05-27 21:03:40.943,2.332519035312239,-0.0033007362759582826,2.3404987636277093,2.3268651255250763,0.002999799993508913
2025-05-27 22:03:36.524,2.3239999877989077,-0.003652294958523594,2.336515798076127,2.328120117665873,0.0029013734024714733
2025-05-27 23:03:48.672,2.316652995087431,-0.0031613566050123776,2.330698012486782,2.3291548124308172,0.0022972339692368415
2025-05-28 00:03:42.487,2.3186677687774426,0.0008696916172961089,2.3264166698216733,2.329699644724605,0.0020307732473531523
2025-05-28 01:00:53.316,2.3178878720268745,-0.0003363555404831686,2.321945531800579,2.3298503204288186,0.0018540832161147887
2025-05-28 02:04:00.502,2.3166568476277916,-0.0005310974762582354,2.3187730942636895,2.329802459937951,0.0018701671071600316
2025-05-28 03:03:42.546,2.309565936898861,-0.0030608377482369553,2.31588628408368,2.3292471238629804,0.001823866298751851
2025-05-28 04:03:50.251,2.311229182744322,0.0007201551680722229,2.3148015216150584,2.328353270381484,0.0019324644112568784
2025-05-28 05:19:15.031,2.3100255317630563,-0.0005207839145733306,2.3130730742121814,2.3263970946403165,0.0016394155644386238
2025-05-28 07:12:47.695,2.2905584365671605,-0.00842722079397884,2.307607187120238,2.3237899151751216,0.0032693138180195404
2025-05-28 08:13:57.256,2.2956602586244212,0.0022273267408565722,2.3034078693195643,2.3208932424036544,0.0034749041467026847
2025-05-28 08:33:12.886,2.296787216254722,0.0004909078449508719,2.300852125190736,2.3177514024501806,0.0035314450778259907
2025-05-28 10:46:41.516,2.298049191412063,0.0005494523604145929,2.2982161269242845,2.314571887008708,0.003593734577350278
2025-05-28 11:28:39.111,2.304072528522114,0.002621065350803198,2.297025526276096,2.3121717567699838,0.003728273079321145
2025-05-28 11:49:21.021,2.306197432778428,0.0009222384408518192,2.3001533255183495,2.3099020148130553,0.0037385657282951084
2025-05-28 12:03:12.534,2.308785606379183,0.0011222688760159638,2.302778395069302,2.308319786217518,0.003774190002898365
2025-05-28 13:03:34.764,2.312076608296361,0.0014254255172436725,2.30583627347763,2.3075248942506823,0.0008168602914575902
2025-05-28 14:11:25.221,2.291895610510483,-0.008728516050663382,2.3046055572973136,2.305874401945552,0.0038161345499721877
2025-05-28 15:03:14.825,2.2807530997010024,-0.004861700837674121,2.2999416715330914,2.303346757340456,0.00416807239327954
2025-05-28 16:03:42.504,2.2597304471238866,-0.009217417080293222,2.290648274402183,2.299469595680257,0.005096974481711127
2025-05-28 17:02:51.741,2.261253433609256,0.0006739682103711342,2.2811418398481975,2.2957760347456877,0.004823861782135907
2025-05-28 18:03:43.624,2.2479058024885568,-0.005902757701685246,2.2683076786866367,2.2916653591183342,0.004664783910532766
2025-05-28 19:03:43.949,2.2530072502596603,0.0022694223954828896,2.2605300066364724,2.28778389695269,0.004875417731821282
2025-05-28 20:01:50.998,2.2366915396083606,-0.007241747956833855,2.251717694617944,2.2828949641423777,0.004509618386440499
2025-05-28 21:04:09.843,2.25021444615806,0.006045941655444809,2.2498144944247787,2.2802053647817706,0.0056353321915853976
2025-05-28 22:03:41.020,2.260323274578652,0.004492384464890087,2.249628462618658,2.277849565845386,0.006100822928795461
2025-05-28 23:03:21.041,2.2604671323388588,6.364477233189447e-05,2.2521407285887185,2.275428226917662,0.004993428972051092
2025-05-29 00:03:41.670,2.2750614308473347,0.006456319713605163,2.2565515647062533,2.2738957095466796,0.005558732794483308
2025-05-29 01:06:16.123,2.289372696948415,0.006290496558482017,2.267087796174264,2.2729157207751003,0.004955544593204196
2025-05-29 02:04:03.655,2.289932887444421,0.0002446916995002546,2.275031484431536,2.271831417752833,0.005038173664191783
2025-05-29 03:03:05.319,2.3044735941956063,0.006349839696574211,2.283861548354927,2.271543950273928,0.0028950441016048207
2025-05-29 04:03:23.601,2.2936830393745016,-0.004682438040636838,2.290504729762056,2.2703177123458036,0.004301176290086142
2025-05-29 05:03:48.966,2.285274242876663,-0.003666067348229496,2.2925472921679217,2.2698762878368823,0.00482252311232829
2025-05-29 06:02:55.410,2.2848172725447915,-0.00019996301682212447,2.2916362072871967,2.2701472326931347,0.004837339464793734
2025-05-29 07:03:23.822,2.283927737438207,-0.0003893243968667859,2.290435177285954,2.2717603853807566,0.00434514499791607
2025-05-29 08:08:11.702,2.281373571646532,-0.0011183216306747124,2.285815172776139,2.2731017279165746,0.0035467361074455256
2025-05-29 09:03:27.409,2.2938546463898195,0.005470859704173492,2.2858494941792027,2.276164984176659,0.004215317800836828
2025-05-29 10:03:22.317,2.2930906381755625,-0.00033306740488525666,2.287412773238983,2.278837210037719,0.0032504619831670405
2025-05-29 11:03:24.908,2.3015284240523335,0.003679656502145301,2.290755003540491,2.283159669000651,0.003075958914997341
2025-05-29 12:01:05.836,2.3003256585279632,-0.0005225942516289273,2.2940345877584423,2.286500416491977,0.0025526975744115336
2025-05-29 13:03:27.112,2.2949385624059295,-0.002341884116304205,2.296747585910322,2.288808102347129,0.002826006236245444
2025-05-29 14:03:20.821,2.29142977669042,-0.0015289235942905766,2.296262611970442,2.290872278637233,0.0029259121467650716
2025-05-29 15:02:17.058,2.2882470614556834,-0.0013889647708661412,2.295293896626466,2.29175132067779,0.002952103989219422
2025-05-29 16:03:33.468,2.2829425134321615,-0.0023181710195870897,2.2915767145024315,2.2913226417767065,0.002074467955939948
2025-05-29 17:01:13.203,2.276620398110828,-0.002769283625906449,2.286835662419004,2.2904351424878007,0.0022068673596455897
2025-05-29 18:03:47.345,2.2829849024163202,0.002795593112832284,2.2844449304210825,2.289002563035848,0.001896014992801366
2025-05-29 19:03:33.533,2.276854253913209,-0.002685365328795042,2.2815298258656407,2.2878806440050945,0.001951484427327887
2025-05-29 20:03:29.311,2.2617832222127094,-0.006619234267892571,2.2762370580170455,2.2863145759608314,0.002770537783432286
2025-05-29 21:03:57.656,2.2712639120304186,0.004191688100168234,2.273901337736697,2.285411018593207,0.0036591436441304297
2025-05-29 22:03:42.266,2.27835206586123,0.0031207971003577306,2.2742476712867776,2.285039307154741,0.004011888248388604
2025-05-29 23:03:41.528,2.2675535652755614,-0.004739610153967511,2.271161403858626,2.2841179733966768,0.004279019020520858
2025-05-30 00:03:47.667,2.2495381994918615,-0.007944846842685593,2.2656981929743565,2.2811635436034794,0.005026090788567271
2025-05-30 01:03:45.821,2.2345410319604717,-0.006666776111993733,2.260249754923909,2.2772602365224732,0.004886862427369786
2025-05-30 02:03:36.609,2.1928616826466456,-0.01865230878184354,2.2445693090471543,2.2700157870954274,0.007639780829394459
2025-05-30 03:03:31.924,2.213865544031436,0.00957828829378804,2.231672004681195,2.2642517794623256,0.009427917989014843
2025-05-30 04:03:32.871,2.2198883423290203,0.0027204896493473463,2.222138960091887,2.259248431457199,0.009255276376651935
2025-05-30 05:03:46.617,2.2223643131757513,0.0011153582815490726,2.216704182828665,2.254644067222887,0.009054931763798419
2025-05-30 06:03:37.839,2.219549141179278,-0.001266746401471286,2.213705804672426,2.250064205871127,0.009071634061910807
2025-05-30 07:03:32.905,2.1940560590136986,-0.011485702971205436,2.2139446799458367,2.244138442243229,0.009481683351074454
2025-05-30 08:03:22.824,2.1963107328302973,0.0010276281717305213,2.2104337177056093,2.2387844645578605,0.00950239611088231
2025-05-30 09:03:41.849,2.1887920560079404,-0.0034233210765527433,2.2042144604413934,2.232504941463969,0.006406511285898571
2025-05-30 10:03:17.877,2.1895711452679754,0.0003559448499899087,2.1976558268598376,2.226686067554286,0.004794513385475151
2025-05-30 11:03:43.366,2.1971385718614713,0.0034561227251512783,2.1931737129962765,2.222376424197537,0.004910759940215973
2025-05-30 12:03:38.754,2.2085779216521466,0.0052064762492352035,2.196078085523966,2.218197358172319,0.005478938715488995
2025-05-30 13:03:41.589,2.2006306898365025,-0.0035983479404245733,2.196942076925207,2.213015933104004,0.0055766789461905684
2025-05-30 14:03:34.280,2.190452210115573,-0.0046252557359752755,2.197274107746734,2.2078758427600045,0.0037843771582068792
2025-05-30 15:03:48.564,2.1811663211347883,-0.004239256596378693,2.1955931429200963,2.2033177175362,0.004009834167103178
2025-05-30 16:04:42.037,2.190243944280578,0.004161820700159469,2.1942142174039176,2.2003645783575405,0.004257121051710986
2025-05-30 17:03:49.050,2.1607630440873002,-0.013460098940239806,2.1846512418909483,2.1982246691202505,0.006650179708955086
2025-05-30 18:08:17.430,2.1745178903024174,0.006365735591765009,2.1794286819841315,2.195601492204983,0.007113447251217437
2025-05-30 19:03:35.823,2.200500997791872,0.011948904906843971,2.181438439519391,2.1943090025691725,0.008489301317878417
2025-05-30 20:03:36.031,2.192802048987042,-0.0034987254323246564,2.183765585089842,2.192338184956592,0.008483307872806371
2025-05-30 21:02:13.216,2.1919033614469203,-0.00040983523366222574,2.1840974685231105,2.190495132974435,0.008287204061849318
2025-05-30 22:03:45.175,2.1864077142568763,-0.0025072488535334836,2.1892264025570256,2.18998524332398,0.008160097523579761
2025-05-30 23:03:34.293,2.1599659070698243,-0.0120937220513051,2.186316005910507,2.1875622549399485,0.009154139968794345
2025-05-31 00:03:27.817,2.141721991268407,-0.008446390631307144,2.1745602046058137,2.1844242506239793,0.008255568771524306
2025-05-31 01:03:43.908,2.1346958352131424,-0.003280610687992902,2.162938961851034,2.180765896620324,0.007550462917684087
2025-05-31 02:01:11.727,2.122314997923248,-0.005799813296894496,2.1490212891462996,2.1757776583577755,0.0039828448279313365
2025-05-31 03:02:15.410,2.1113785031615935,-0.005153096864676576,2.134015446927243,2.1692976971250726,0.003917207363340143
2025-05-31 04:03:31.112,2.105682391955851,-0.0026978162357971236,2.1231587439044484,2.1629678105996955,0.0035069154538150313
2025-05-31 05:03:39.506,2.1262326140838486,0.009759412058771844,2.1200608684675366,2.158686504197581,0.006847998056292212
2025-05-31 06:03:39.092,2.133335500622896,0.0033405971162321357,2.1197888015494875,2.1554977828301207,0.00625093944100825
2025-05-31 07:04:02.373,2.1383033737153814,0.0023286881463486786,2.122986476707914,2.152035078125775,0.005623444983850532
2025-05-31 08:03:31.693,2.132896284225707,-0.002528682111312963,2.1272900329207367,2.1501772941350015,0.005561964265350356
2025-05-31 09:00:59.328,2.1349850121568394,0.000979291842074126,2.1331505569609344,2.1475417689252967,0.0049635793388342194
2025-05-31 10:03:54.008,2.140396509548331,0.002534676993364293,2.135983336053831,2.1435348030423937,0.004203339288228039
2025-05-31 11:08:20.840,2.1393260908155853,-0.0005001030080037383,2.1371814540923686,2.139969739164297,0.003866040958095455
2025-05-31 12:04:03.144,2.137296078657811,-0.00094890263176306,2.136979995080855,2.1363292536450227,0.0021462990790925324
2025-05-31 13:03:58.632,2.157208241367146,0.009316520489683233,2.1418423865091425,2.1343826221190407,0.0038576305093730332
2025-05-31 14:03:30.840,2.1580936379995808,0.0004104363294448188,2.146464111677691,2.1342578041810247,0.003865146379785842
2025-05-31 15:08:26.601,2.17147157831568,0.0061989619359148485,2.1526791254311606,2.136241109984176,0.0038229226811470015
2025-05-31 16:01:36.202,2.1759969798076435,0.002084025200769002,2.1600133032295723,2.138994519623809,0.0037687225879637688
2025-05-31 17:04:02.155,2.1876891443650996,0.005373244846364589,2.17009191637103,2.143352796053266,0.003895056939989871
2025-05-31 18:03:43.552,2.1905329535465743,0.0012999146559735664,2.1767568588069155,2.148629759412265,0.0036679938319660707
2025-05-31 19:03:26.945,2.189780936963047,-0.00034330302235796584,2.1830943185996086,2.1542363290794113,0.0035539515113581503
2025-05-31 20:01:00.578,2.1951648091207665,0.0024586350473880803,2.1878329647606263,2.158831808748539,0.0024496056812844252
2025-05-31 21:03:44.246,2.193958806145237,-0.0005493906291311745,2.191425330028145,2.162873362450029,0.002607660049075733
2025-05-31 22:02:52.275,2.1971273573478123,0.001444216360717565,2.1933129726246876,2.1667949613588577,0.0019863515627166085
2025-05-31 23:03:49.466,2.182231644021936,-0.0067796312653706226,2.19165271071976,2.1700839853452725,0.0037387784989708914
2025-06-01 00:04:02.462,2.17629745337944,-0.0027193220567358622,2.1889560140030384,2.172838148093446,0.0031557320826155963
2025-06-01 01:01:15.020,2.1718914676587686,-0.0020245328660517536,2.184301345710639,2.1749378119674754,0.00304558032488877
2025-06-01 02:04:06.207,2.166050307544052,-0.0026894346249324297,2.178719645990402,2.1767194264160397,0.0030625572875177904
2025-06-01 03:01:09.402,2.1613464868867602,-0.002171611915433691,2.1715634718981915,2.178322786964636,0.002500584376169602
2025-06-01 04:03:47.698,2.1634997042051127,0.0009962388406561384,2.1678170839348265,2.1787422178205005,0.002729691638157845
2025-06-01 05:05:36.799,2.1729658755012107,0.004375397545790749,2.167150768359181,2.1797337003206096,0.0034692969721746517
2025-06-01 06:03:36.390,2.1728693550216054,-4.44187737568269e-05,2.1673463458317483,2.1798268854343377,0.002613008754091238
2025-06-01 07:03:25.131,2.165372583336589,-0.0034501713909725895,2.1672108009902553,2.179118592336267,0.002723548915391784
2025-06-01 08:01:30.421,2.1596958630204175,-0.002621590556681097,2.1668806762169868,2.177252373579955,0.0027801377441855272
2025-06-01 09:00:35.017,2.1504965419303397,-0.0042595447107132145,2.1642800437620324,2.1745832794722064,0.0030116107436088226
2025-06-01 10:03:38.750,2.1350359672038097,-0.0071893046210863565,2.1566940621025523,2.1709336148215908,0.003818921634497242
2025-06-01 11:03:40.892,2.1390649692587593,0.0018870886096715722,2.149933184949983,2.1671936254974566,0.003938353700717421
2025-06-01 12:03:57.363,2.1452073510113285,0.0028715265037964066,2.1459001384849308,2.1639435284885296,0.003582033922833352
2025-06-01 13:03:21.977,2.1334176477017515,-0.005495833912753878,2.140644495421198,2.1596962145121252,0.003719229442180149
2025-06-01 14:03:55.105,2.140833187251919,0.0034758967884962466,2.1387118244855134,2.1569363173941243,0.004329188870119659
2025-06-01 15:03:54.694,2.14968468403517,0.004134603684191385,2.141641567851786,2.155162132771173,0.004796296403196796
2025-06-01 16:03:51.403,2.1529530403937174,0.0015203887262258409,2.144419182078777,2.153899570953503,0.004563957225836975
2025-06-01 17:01:52.638,2.1711365360430626,0.00844583941599586,2.1496050190851244,2.154238652853437,0.004169765772596921
2025-06-01 18:03:37.608,2.1741069750752167,0.001368149346133718,2.157742884559817,2.1550893520660006,0.004185106613258742
2025-06-01 19:03:51.654,2.156353502803091,-0.00816586877999026,2.160846947670051,2.154612938639199,0.005738620729472048
2025-06-01 20:03:52.124,2.165000244404949,0.004009890581770703,2.1639100597440075,2.154081896566115,0.00510242673382833
2025-06-01 21:03:38.892,2.1609486847285067,-0.0018713899395221834,2.165509188610965,2.153287185213242,0.005262104079344157
2025-06-01 22:03:19.610,2.1728453300107913,0.005505288194189273,2.1658509474045107,2.153785368324855,0.005406565858793102
2025-06-01 23:03:51.838,2.172964543295009,5.4865057614206236e-05,2.165622461048469,2.154669947009828,0.005435955426085491
2025-06-02 00:03:42.382,2.180242734797075,0.003349429480809629,2.170400307447266,2.1566530265342774,0.004602239588527618
2025-06-02 01:03:29.924,2.172667882573267,-0.0034743160029440112,2.1719338350809294,2.159161820892241,0.004827238860307199
2025-06-02 02:03:31.625,2.1706669204885753,-0.0009209700666821252,2.1738774822329434,2.161268617640895,0.0033592521603353527
2025-06-02 03:03:28.162,2.1656014321357264,-0.0023336092262873365,2.1724287026579305,2.1626282230491887,0.0032502079313249995
2025-06-02 04:02:30.856,2.159078250097352,-0.003012180330865921,2.1696514440183994,2.1643389298755618,0.0033879476926293945
2025-06-02 05:01:09.503,2.1708352422199475,0.005445375646790485,2.167769945502974,2.1663390668734306,0.003371406953238726
2025-06-02 06:01:50.491,2.1704766716229535,-0.00016517632937784743,2.167331703312911,2.1677251993792828,0.003370450600042651
2025-06-02 07:03:39.490,2.167557630707713,-0.0013448847220540738,2.1667098453567384,2.168698838733549,0.003003078090604943
2025-06-02 08:03:27.478,2.1683789345215523,0.00037890748656632667,2.1672653458339033,2.168514998632115,0.002782510982454846
2025-06-02 09:03:41.923,2.1694803798596736,0.0005079579590936412,2.169345771786368,2.168206558951079,0.002779973078547253
2025-06-02 10:03:44.015,2.1547961825356214,-0.0067685319767685215,2.166137959849503,2.1681027375999142,0.003725218720698483
2025-06-02 11:03:57.418,2.1486331676850026,-0.00286013818873887,2.1617692590619124,2.167011599151918,0.003709959265047944
2025-06-02 12:03:54.983,2.1423744620431853,-0.002912877701018002,2.156732625329007,2.165773317639563,0.002580607929574375
2025-06-02 13:03:50.468,2.150606095450326,0.003842294404167834,2.153178057514762,2.1642907020021984,0.0033534168579679407
2025-06-02 14:04:00.862,2.14607096145416,-0.0021087701768167655,2.148496173833659,2.162497796546142,0.0033672110668673248
2025-06-02 15:04:11.366,2.150682824161845,0.002148979595977485,2.1476735021589035,2.160527135837127,0.003584063960902072
2025-06-02 16:03:40.014,2.1602565152085544,0.004451465803861687,2.149998171663614,2.159699711346146,0.00415517687234191
2025-06-02 17:03:37.054,2.159641055257962,-0.00028490132827263537,2.1534514903065696,2.158964653664105,0.0031530449715645964
2025-06-02 18:03:41.114,2.1690996049475832,0.004379685997630611,2.157150192206021,2.159197865184895,0.003121310808800908
2025-06-02 19:03:38.081,2.1694670865177588,0.0001694166415120435,2.161829417218741,2.1598904542795894,0.0025904280020227796
2025-06-02 20:03:57.811,2.1624883581312444,-0.003216793852224842,2.1641905240126205,2.1593339953403423,0.003003797408678038
2025-06-02 21:04:02.810,2.177778224161913,0.007070496344258492,2.167694865803292,2.159820765509606,0.003490886893071774
2025-06-02 22:03:39.252,2.1823261057400205,0.002088312541492998,2.172231875899704,2.1608053305117605,0.003490827926332253
2025-06-02 23:03:57.363,2.1953033047443204,0.005946498541243184,2.1774726158590516,2.1626002885266113,0.0036986531369121046
2025-06-03 00:03:38.550,2.1996569495215232,0.001983163222956108,2.1835105884598045,2.1646120598374012,0.003529160589092037
2025-06-03 01:02:40.294,2.204269152610262,0.0020967829050533293,2.1918667473556077,2.1679102578423777,0.0034451723760209815
2025-06-03 02:03:51.202,2.2178716337426607,0.006170971052374075,2.1998854292717573,2.1725261555795545,0.003569543335731873
2025-06-03 03:01:47.475,2.2037256111703667,-0.006378197167535182,2.2041653303578266,2.1766162321880334,0.0045708006693486024
2025-06-03 04:03:28.885,2.196049761432171,-0.0034831240782826622,2.2043146216953966,2.179645809920156,0.0046333411870160945
2025-06-03 05:03:23.380,2.1914951401627807,-0.002074006404308437,2.202682259823648,2.182674088500731,0.004766045918402818
2025-06-03 06:01:46.769,2.202974690066388,0.005238227406132667,2.2024233673148736,2.186160212894367,0.004639686938738261
2025-06-03 07:04:01.546,2.2020189954719362,-0.0004338200519329316,2.199252839660729,2.1889443782452593,0.004601359151387456
2025-06-03 08:02:26.522,2.19181987209048,-0.00463171453217659,2.196871691844751,2.1910896327007605,0.004827167431695425
2025-06-03 09:03:24.210,2.190104913969345,-0.0007824357023916706,2.1956827223521858,2.1924899866355445,0.0037488794193406964
2025-06-03 10:03:26.652,2.197372451096422,0.003318351135017217,2.196858184538914,2.194350344274122,0.003558514844021118
2025-06-03 11:01:13.536,2.2010955711340583,0.0016943509216102992,2.1964823607524484,2.1969241584743098,0.003344177354070352
2025-06-03 12:03:18.034,2.211741642170471,0.004836714577971524,2.198426890092155,2.199188386341547,0.0035301642977580076
2025-06-03 13:03:19.505,2.2219313893253303,0.004607114574584736,2.2044491935391255,2.2018287385805677,0.003419746986759619
2025-06-03 14:03:32.495,2.21791460728377,-0.0018077885126687177,2.21001113220201,2.203336158749864,0.003567390023658046
2025-06-03 15:00:48.543,2.2310594272308224,0.005926657367188115,2.2167485274288903,2.2054296572638177,0.002951837885955564
2025-06-03 16:03:49.957,2.2656478030426026,0.015503117214009432,2.2296589738105994,2.20952156729264,0.005343767787460328
2025-06-03 17:03:51.527,2.2646375765480626,-0.0004458885856766237,2.2402381606861175,2.2126392968130006,0.005703063770709846
2025-06-03 18:03:33.521,2.250576793387725,-0.006208844764366339,2.2459672414985965,2.215762708960824,0.006956495181222087
2025-06-03 19:08:26.215,2.2598044491205207,0.004100129246825457,2.2543452098659467,2.2200130214733806,0.006933171150627186
2025-06-03 20:03:35.695,2.275714913324458,0.007040637613634937,2.2632763070846735,2.2256276730174926,0.007080985467340236
2025-06-03 21:03:52.941,2.25474036198069,-0.009216686686439046,2.2610948188722912,2.2290787178117797,0.008423302951061085
2025-06-03 22:03:53.167,2.2476248444623783,-0.0031558034966211457,2.2576922724551545,2.2321191077444755,0.008486220349506612
2025-06-03 23:03:46.222,2.259747733784164,0.005393644473922654,2.2595264605344423,2.236647631857388,0.006167661459887088
2025-06-04 00:04:08.895,2.248180273946562,-0.005118916445700505,2.2572016254996505,2.240519322522536,0.006426467374885763
2025-06-04 01:02:56.916,2.241356967200793,-0.003035035412792375,2.2503300362749177,2.2434516235961603,0.006103517806468016
2025-06-04 02:03:44.388,2.2541647638495363,0.005714304698523298,2.2502149166486864,2.246989569777192,0.006335464589575035
2025-06-04 03:04:24.044,2.2501263268075213,-0.0017915447472075519,2.250715213117715,2.249548548752996,0.005436348827330806
2025-06-04 04:03:37.788,2.2562841891467347,0.002736674055074051,2.2500225041902295,2.2518387354077563,0.0044297969264068425
2025-06-04 05:03:22.275,2.2472962385711317,-0.003983518839886013,2.2498456971151435,2.2537975108269137,0.004541032313088585
2025-06-04 06:03:26.023,2.2426951498551753,-0.002047388607245626,2.25011333364602,2.254573225668537,0.0038888081770020112
2025-06-04 07:03:47.459,2.2396139391321435,-0.001373887451101341,2.2472031687025416,2.2528376347411734,0.003475387190973314
2025-06-04 08:06:11.586,2.2353603840627496,-0.0018992358437642798,2.244249980153587,2.250885821908819,0.003364224878889642
2025-06-04 09:02:05.821,2.2477743345555576,0.0055534447963356826,2.242548009235352,2.2506989913200077,0.003315878038128475
2025-06-04 10:03:13.667,2.25652215976562,0.003891771996672455,2.2443931934742496,2.250480172029681,0.0036020307958659708
2025-06-04 11:03:20.143,2.2573604406371457,0.00037149241716849524,2.2473262516306436,2.2492565405171936,0.00345547831982214
2025-06-04 12:02:53.740,2.2531221911829897,-0.001877524465237701,2.2500279020408125,2.249148662464014,0.0031186688236627116
2025-06-04 13:03:40.118,2.240482930091584,-0.005609665175224987,2.2510524112465795,2.2486725348392937,0.0037966114656355853
2025-06-04 14:03:47.375,2.239883180230694,-0.0002676877617920903,2.2494741803816067,2.2473482312690627,0.003759278814736789
2025-06-04 15:03:34.440,2.241191005440572,0.0005838809905003295,2.2464079495165974,2.24688228003533,0.003663574969735478
2025-06-04 16:04:03.733,2.255559507039025,0.0064111008671605685,2.246047762796973,2.2478291160245454,0.003873817130708222
2025-06-04 17:03:43.668,2.2457856639488862,-0.004333223335335146,2.2445804573501524,2.247270509364502,0.003920846811443589
2025-06-04 18:01:15.796,2.2325202059429445,-0.005906822818797508,2.2429879125204244,2.24609676797353,0.0043376275928672485
2025-06-04 19:03:43.629,2.230282286614604,-0.001002418397998528,2.2410677337972063,2.244363307804721,0.004339945095508656
2025-06-04 20:03:25.620,2.214802681488359,-0.006940648374041514,2.2357900690067636,2.24219707066587,0.004575508014872456
2025-06-04 21:03:47.044,2.204803507700876,-0.004514701860828141,2.225638869139134,2.2396709611889167,0.004644798542715365
2025-06-04 22:03:27.206,2.212500784386559,0.0034911395318442118,2.2189818932266685,2.237863417539211,0.005051865880490379
2025-06-04 23:03:12.347,2.2080013001031165,-0.0020336644918705904,2.214078112058703,2.2360394786085687,0.0035379116204510685
2025-06-05 00:04:06.646,2.2024800957323927,-0.002500543985398007,2.2085176738822607,2.2330198626870246,0.0034933010836273983
2025-06-05 01:03:45.802,2.2090649906018704,0.002989763622489372,2.207370135704963,2.2298560514094414,0.0037703224716225093
2025-06-05 02:02:35.735,2.204623051818364,-0.0020107777735847154,2.207334044528461,2.226340225488189,0.0037673343752251346
2025-06-05 03:03:50.943,2.209277367418325,0.002111161631972447,2.2066893611348135,2.2234172372372116,0.003149818410750826
2025-06-05 04:00:15.446,2.204701116649828,-0.0020713790110674646,2.206029324444156,2.221031783007761,0.0027174133097825734
2025-06-05 05:03:00.508,2.211372089861855,0.0030257948171061866,2.207807723270048,2.2191310436498384,0.002621679602719883
2025-06-05 06:03:28.180,2.2017404333702317,-0.004355511465383932,2.2063428118237205,2.216501005511816,0.0030270709231291193
2025-06-05 07:03:39.718,2.1920437609845616,-0.0044040942513952075,2.2038269536569604,2.2122666224415184,0.0033185223204346436
2025-06-05 08:03:54.774,2.1894796194453616,-0.0011697492471811621,2.199867404062368,2.2085128861412833,0.0028991381201296414
2025-06-05 09:03:45.723,2.1938140871432106,0.001979679399320977,2.197689998161044,2.205932478221301,0.003113123976093397
2025-06-05 10:03:18.336,2.2057409870125886,0.005436604650902455,2.196563777591191,2.204296391581167,0.003792748070881135
2025-06-05 11:03:41.924,2.1990929459210364,-0.0030139717812271982,2.196034280101352,2.2032490758766783,0.003884935686350407
2025-06-05 12:03:35.177,2.2029045857167993,0.001733278169453012,2.1982064450477994,2.2031224810777403,0.003724755620910255
2025-06-05 13:03:55.066,2.2199361001219007,0.007731389963746338,2.2042977411831073,2.203618168793429,0.004402228035430168
2025-06-05 14:03:47.923,2.2126706845761683,-0.00327280390878526,2.2080690606696987,2.203929461091633,0.004177907815217039
2025-06-05 15:03:49.436,2.1984914422436317,-0.006408202734991542,2.2066191517159073,2.2036635508590487,0.00507627786275715
2025-06-05 16:03:30.895,2.197007539734963,-0.0006749639685448283,2.206202070478693,2.2028597208012552,0.005054968314772521
2025-06-05 17:03:29.777,2.1735918270648376,-0.010658002872830474,2.2003395187483004,2.2007909724843535,0.005879188503926456
2025-06-05 18:03:48.603,2.171091577535958,-0.0011502847488417123,2.190570614231112,2.198245253158862,0.005872063337745404
2025-06-05 19:03:37.543,2.164080927128111,-0.0032290901408237316,2.1808526627415,2.195537240524081,0.005668420399506125
2025-06-05 20:03:44.452,2.138606871464212,-0.011771304549920258,2.1688757485856165,2.190686225964238,0.004450145692689758
2025-06-05 21:03:30.406,2.0909449874324872,-0.022286416763962258,2.147663238125121,2.1832998629017215,0.007651307434273071
2025-06-05 22:03:22.611,2.097898399139981,0.0033254876380233167,2.1325245525401497,2.177023505445417,0.008793451067663936
2025-06-05 23:03:52.729,2.098374292700064,0.00022684299691455578,2.117981095572971,2.17094981699573,0.008901266399542538
2025-06-06 00:03:40.839,2.0965298132821326,-0.0008790040100795649,2.1044708728037755,2.1644641987383246,0.008908423956298771
2025-06-06 01:03:27.263,2.098082670827496,0.0007406799252391849,2.096366032676432,2.1572869776593184,0.009075581045003849
2025-06-06 02:03:29.101,2.102372198709495,0.0020444989807322234,2.0986514749318337,2.1508389278452156,0.009442938447652946
2025-06-06 03:03:25.450,2.1060305591416295,0.0017401107350925038,2.1002779069321633,2.1443806594068713,0.008979640563889977
2025-06-06 04:03:51.308,2.122333885886423,0.007741258394388328,2.1050698255694353,2.137873845124506,0.0028190107604830427
2025-06-06 05:03:26.828,2.1352004552367196,0.006062462384387013,2.1128039539603525,2.132709163168543,0.003178639402262975
2025-06-06 06:03:40.023,2.136717837245636,0.0007106508455423377,2.1205309872439804,2.128590922835343,0.00312514356256453
2025-06-06 07:03:33.119,2.1283976454266997,-0.0038939122770002,2.1257360765874216,2.1240169298814586,0.0038151921531929564
2025-06-06 08:03:23.496,2.1292853098601427,0.0004170576092068501,2.130387026731124,2.1210631620678124,0.003837206990132413
2025-06-06 09:03:38.819,2.1364289321570498,0.0033549389853144707,2.1332060359852494,2.118752319042552,0.0038649210626799714
2025-06-06 10:03:29.227,2.1453234051084498,0.004163243072363709,2.1352306259595957,2.1175018175745746,0.003914131347760031
2025-06-06 11:03:35.164,2.149806195090005,0.002089563732386779,2.137848297528469,2.1182484391496272,0.0032083700792240625
2025-06-06 12:03:38.120,2.150728916143202,0.0004292112727670716,2.14231455167177,2.1222340343970085,0.002627680945964978
2025-06-06 13:03:45.882,2.1583804005767133,0.0035576238251504577,2.1481335698150845,2.126266167826124,0.0027841165473896164
2025-06-06 14:03:46.683,2.171553649649933,0.0061033027679919805,2.1551585133136606,2.131144791622782,0.0020582389180553015
2025-06-06 15:03:41.646,2.1793039537547703,0.0035690134140073937,2.1619546230429245,2.136663067654291,0.0017534754154985533
2025-06-06 16:04:01.539,2.1839951009734215,0.0021525896883585194,2.168792404219608,2.142390562997353,0.0018079639404032072
2025-06-06 17:04:03.718,2.1765319529580003,-0.0034171999800250985,2.173953011582568,2.1473345466139198,0.0029870929898026533
2025-06-06 18:03:46.965,2.171022248641646,-0.0025314143947513523,2.1764813811955546,2.151667325913921,0.0034556886479684447
2025-06-06 19:03:52.526,2.16985734959324,-0.0005365670707128123,2.176142121184216,2.1548355568277087,0.0035200079916762124
2025-06-06 20:02:15.546,2.1736069371127757,0.0017280341125829324,2.175002717855817,2.157395988952779,0.0033873527394127894
2025-06-06 21:03:39.895,2.1774138943239185,0.0017514469364914298,2.173686476525916,2.160109059424664,0.002605911665266393
2025-06-06 22:03:44.147,2.1755325786102353,-0.0008640138278659393,2.1734866016563634,2.163251388303567,0.0022130609504397753
2025-06-06 23:03:43.726,2.169224222116121,-0.0028996837630187455,2.1731269963512583,2.1659139824539655,0.0021227018992548115
2025-06-07 00:03:41.146,2.163852346114403,-0.0024764042125980934,2.171925995655491,2.1677422100511223,0.001965691814167542
2025-06-07 01:03:43.207,2.164657509331519,0.0003720971158507336,2.170136110099239,2.16903115033266,0.0018504496950723156
2025-06-07 02:03:34.633,2.1625978602200155,-0.0009514896017611685,2.1671729032784586,2.169883928007994,0.0018614980910538214
2025-06-07 03:03:36.505,2.17073597323732,0.00376311896307735,2.1662135822038757,2.1712177318142687,0.002356424568629775
2025-06-07 04:04:19.354,2.1773010872938077,0.003024372442078649,2.167828955239413,2.172479110928742,0.0025703047503135837
2025-06-07 05:03:45.428,2.1741299260241886,-0.001456464284211867,2.16988447122137,2.172650862687026,0.0026127255146388105
2025-06-07 06:03:51.886,2.1792889552032197,0.0023729166860166906,2.1728107603957105,2.1726498627835884,0.0024203930120120305
2025-06-07 07:03:22.215,2.184767953649018,0.0025141220638578154,2.177244779081511,2.1727013862952953,0.0020474581708882565
2025-06-07 08:00:57.266,2.1861774139585437,0.000645130439217434,2.1803330672257557,2.1733444170286647,0.002027629523045597
2025-06-07 09:03:42.513,2.1790491818385282,-0.003260591786605427,2.1806826861346993,2.173879545908457,0.0025875114030666805
2025-06-07 10:03:34.484,2.1778508389178333,-0.0005499384459436429,2.181426868713429,2.1744124451967632,0.0023460559204157806
2025-06-07 11:03:48.976,2.185847721144865,0.0036719145701482603,2.1827386219017577,2.175228497465569,0.0024729028447462134
2025-06-07 12:03:32.014,2.184805322173668,-0.00047688544865831517,2.1827460956066878,2.175721259322219,0.002364974597138636
2025-06-07 13:03:46.028,2.1861261516879966,0.0006045524976177052,2.182735843152578,2.1764274975274036,0.002248361636137593
2025-06-07 14:03:55.100,2.1888744488522165,0.001257153967120228,2.1847008965553156,2.1777375126431426,0.0021014026646810524
2025-06-07 15:03:39.078,2.184712115954009,-0.0019015859499800225,2.186073151962551,2.1791281639657836,0.002241459935217502
2025-06-07 16:04:08.552,2.183449151532924,-0.0005780919196913814,2.1855934380401627,2.1803809401125434,0.0017945248900318104
2025-06-07 17:03:51.967,2.1815679183981764,-0.0008615877926109183,2.184945957285064,2.181645610657754,0.00182247285228528
2025-06-07 18:01:49.349,2.177190273245313,-0.002006650866078763,2.1831587815965277,2.182075897324954,0.0012006115021588402
2025-06-07 19:03:37.496,2.1756821220624727,-0.0006927052731097172,2.180520316238579,2.1819679663095313,0.001200708063131764
2025-06-07 20:03:42.901,2.1776691402561212,0.0009132851593987024,2.179111721099001,2.182203913924994,0.001256569931491724
2025-06-07 21:03:50.777,2.181627783048313,0.0018178348211914663,2.178747447402079,2.1823598357813334,0.0014007717151146401
2025-06-07 22:03:37.066,2.182104901758872,0.00021869849397138097,2.1788548440742184,2.1821822989886566,0.0012627628664190526
2025-06-07 23:03:44.270,2.184289748428887,0.0010012564786661127,2.180274739110933,2.182056454620013,0.0013175757683174447
2025-06-08 00:03:31.013,2.1778797668186023,-0.002934583937362345,2.180714268062159,2.1819784936186846,0.0017273607775112024
2025-06-08 01:03:38.838,2.1724980134038083,-0.0024710975770051435,2.1796800426916967,2.1816216385844163,0.001813293349561878
2025-06-08 02:03:44.172,2.173535344927953,0.00047748330159325114,2.1780615550676243,2.180800813503289,0.0018256805815800128
2025-06-08 03:03:40.305,2.1737941225444954,0.00011905838897274812,2.1763993992247492,2.1800667335280104,0.0017732690243161301
2025-06-08 04:03:50.744,2.175610409655232,0.000835537777887696,2.174663531470018,2.1793656840591598,0.0016137695864450485
2025-06-08 05:03:44.630,2.1767638715807434,0.0005301785284683724,2.1744403524224465,2.1785583122410612,0.001637578131367716
2025-06-08 06:03:51.884,2.1899814460911986,0.006072121410604314,2.177937038959924,2.178909600916874,0.0029389054659254817
2025-06-08 07:00:55.084,2.2142904820576037,0.011100110464311586,2.1860880663858544,2.180965689618519,0.004614178562979822
2025-06-08 08:03:33.593,2.2073022006874834,-0.003155991242678624,2.1927896820144523,2.1826813084378065,0.004739753275715533
2025-06-08 09:03:51.322,2.2135043887670682,0.002809849995915048,2.2003684778368195,2.1851022494725902,0.004673217672053837
2025-06-08 10:03:40.835,2.2091802086647534,-0.0019535448514396148,2.206851745253622,2.187335455246076,0.004917069962698675
2025-06-08 11:03:44.762,2.2113990026573505,0.0010043517427389403,2.211135256566852,2.189584112739491,0.0049089845693996055
2025-06-08 12:03:36.246,2.236219417592554,0.011223851916989158,2.215521043673842,2.1932235550424406,0.005828336570689614
2025-06-08 13:03:39.715,2.2572811547291964,0.009418457317268425,2.2255168344821845,2.1982353052404617,0.0061663481405954375
2025-06-08 14:02:39.751,2.275090537754931,0.007889749572587368,2.237834064279757,2.2042886911955315,0.00568087307479371
2025-06-08 15:00:41.328,2.268548029400135,-0.002875713404026703,2.249707628426833,2.2103332420343005,0.005623626319629616
2025-06-08 16:03:21.725,2.2816859226583546,0.005791322505829255,2.263765012427034,2.2176124359846034,0.005637448829362176
2025-06-08 17:04:05.386,2.279503959048959,-0.0009562944609192714,2.272421920718315,2.224677010259337,0.005461244890938736
2025-06-08 18:03:47.628,2.28231141074085,0.0012316064118891301,2.277427971920646,2.231911496139094,0.00543762990974353
2025-06-08 19:03:42.984,2.2853540602740305,0.001333143899145961,2.2794806764244657,2.2392277395136806,0.004634664169510424
2025-06-08 20:03:58.977,2.287803126507882,0.0010716353655757516,2.283331695846015,2.2466303565088235,0.0037290458576848097
2025-06-08 21:03:48.394,2.283499722530764,-0.0018810202360755035,2.2836944558204975,2.2528649082714614,0.0028499457750454406
2025-06-08 22:03:57.736,2.2803260084412833,-0.001389846496658853,2.2838588656989622,2.25726727669704,0.0025981623437552094
2025-06-08 23:03:39.903,2.2626382458377647,-0.007756681517485764,2.279924232718345,2.260956346373725,0.003189533815498891
2025-06-09 00:03:50.063,2.263856367404665,0.0005383633769742158,2.2756246941444718,2.2643131449495653,0.003257291544514406
2025-06-09 01:01:11.085,2.2625319159172617,-0.0005850421901640868,2.270570452026347,2.267869925433066,0.003121344705712786
2025-06-09 02:03:24.079,2.2479708132723117,-0.006435755687029365,2.263464670174657,2.2703080461407295,0.0034213235640571196
2025-06-09 03:03:34.156,2.247134080697425,-0.00037221683215205026,2.2568262846258853,2.271035690347721,0.0032182748668693295
2025-06-09 04:03:22.047,2.239605577806363,-0.00335026866252941,2.2522197510196054,2.2698573185528654,0.0032149326947313686
2025-06-09 05:03:33.512,2.231955830364702,-0.003415667257425592,2.245839643611613,2.2669816713935167,0.003161298559376375
2025-06-09 06:04:13.814,2.23370817467208,0.0007851160330047957,2.240074895362576,2.2646590144116465,0.002650832538626935
2025-06-09 07:03:29.235,2.235497019962482,0.000800841090472737,2.2375801367006103,2.2615797542319216,0.002691521463957481
2025-06-09 08:03:36.178,2.228414314766106,-0.0031682910480886894,2.2338361835143465,2.2581737779463977,0.00267483478322155
2025-06-09 09:03:36.541,2.2406329867651844,0.005483123994543648,2.234041665306111,2.2553952163480204,0.0032376144021850927
2025-06-09 10:03:07.758,2.255364349185478,0.006574643195609298,2.2387233690702657,2.25339590227545,0.004193481437384717
2025-06-09 11:03:11.676,2.2642693768094575,0.003948376512733054,2.2448356094977417,2.2518269856288886,0.003969289379193839
2025-06-09 12:03:29.250,2.266623472857343,0.0010396713712583772,2.251060900076714,2.250701902317327,0.003344076967485155
2025-06-09 13:03:04.203,2.264070856937651,-0.0011261755427223186,2.258192208511023,2.2496182255504187,0.003551324998535326
2025-06-09 14:02:39.336,2.245674488460139,-0.008125350150213206,2.2592005088500136,2.2484873083919097,0.005231821021051599
2025-06-09 15:02:15.442,2.2543145142338425,0.003847407902660027,2.2589905418596867,2.2478511848471885,0.00504466727158606
2025-06-09 16:02:51.942,2.2643100279212507,0.0044339481577642115,2.258998672082045,2.247969725647455,0.004926455281070031
2025-06-09 17:03:17.853,2.279962920917214,0.006912875358474402,2.2616665616940197,2.250102532823781,0.004985674508646914
2025-06-09 18:03:17.206,2.2922775053869286,0.005401221378091847,2.267307891383875,2.2531120944697482,0.005129755362135289
2025-06-09 19:03:25.000,2.2958069856862724,0.0015397264471903593,2.2773343908291017,2.2568588549950754,0.0051213796791070125
2025-06-09 20:03:14.955,2.2942643686559703,-0.0006719280148200779,2.2853243617135273,2.2610127575478267,0.00508023641954983
2025-06-09 21:03:05.677,2.3046858554906544,0.004542408877137971,2.293399527227408,2.2657446029357318,0.002525395199270662
2025-06-09 22:03:11.944,2.3165722999408542,0.0051575117805673365,2.300721403032136,2.2711496216009563,0.0025846853692130895
2025-06-09 23:03:02.827,2.3215367196677588,0.002143002282739559,2.306573245888302,2.277357781927733,0.002650348195899713
2025-06-10 00:03:03.224,2.3194149197202902,-0.0009139635524576528,2.3112948326951055,2.282609910791407,0.002658436400318569
2025-06-10 01:00:41.898,2.3132048853211336,-0.0026774141816358066,2.315082936028138,2.2864659465337835,0.0029089413569115064
2025-06-10 02:03:11.741,2.3140048489359843,0.0003458247991463548,2.3169467347172046,2.289781644675552,0.002927672286923738
2025-06-10 03:03:16.484,2.3104200384382074,-0.0015491802013402056,2.3157162824166746,2.292701415714277,0.0030345945297916175
2025-06-10 04:03:21.222,2.300662296189914,-0.004223362888979065,2.311541397721106,2.295140844997761,0.0031392984803396474
2025-06-10 05:03:15.392,2.295040695448299,-0.00244347062622996,2.306666552866708,2.2984319254636385,0.0021023058785144396
2025-06-10 06:03:20.858,2.2833969725546965,-0.005073427637555805,2.3007049703134204,2.3003707560183617,0.0018713825453939789
2025-06-10 07:03:16.632,2.287352740822073,0.0017324049715938816,2.2953745486906376,2.301906936878417,0.0024041652559971633
2025-06-10 08:03:13.159,2.284440267486507,-0.0012732943562167032,2.290178594500298,2.3022054266497025,0.0023952363641675197
2025-06-10 09:03:30.162,2.278589026515039,-0.002561345575433416,2.285763940565323,2.3012928613915773,0.002209320448425073
2025-06-10 10:03:30.423,2.2934280238805185,0.006512362340379996,2.2854414062517665,2.30113426393786,0.003988839292242208
2025-06-10 11:00:36.006,2.2836694011145897,-0.004255037727068922,2.2854958919637456,2.300427932768435,0.003993058657706899
2025-06-10 12:03:39.901,2.3058202964964094,0.009699694435196582,2.2891894030986126,2.3005035621688186,0.005601443804514044
2025-06-10 13:00:32.304,2.315437602018034,0.004170882499489492,2.295388870004918,2.3004279156406304,0.005083908904074737
2025-06-10 14:03:39.800,2.2921925854557696,-0.010039146182131975,2.2981095817930646,2.2984716400264977,0.006834189852876412
2025-06-10 15:03:34.241,2.274624426724144,-0.007664346723350146,2.2943488623617894,2.2954856071600878,0.007479291496473987
2025-06-10 16:03:25.561,2.2778894778724172,0.0014354242880330048,2.293192877713355,2.293131246663507,0.0074563266786642724
2025-06-10 17:03:47.857,2.274066899016735,-0.0016781230576877748,2.2868421982174203,2.29046871666889,0.006880826412713319
2025-06-10 18:03:41.201,2.2871702713112256,0.005762087430302154,2.281188732076058,2.288918732193758,0.0071726201428802434
2025-06-10 19:03:31.307,2.2938842775286887,0.00293550782015628,2.2815270704906423,2.2884668642830097,0.006054406300962846
2025-06-10 20:03:15.751,2.2947037572507196,0.0003572454504607858,2.285542936595957,2.2884444017365047,0.005701695024853508
2025-06-10 21:03:09.699,2.297882234568429,0.0013851362327996775,2.2895414879351597,2.2894100858707533,0.004214405858973224
2025-06-10 22:03:37.685,2.2974265436501295,-0.00019830908279128145,2.2942134168618384,2.290081672725957,0.0023978525751251565
2025-06-10 23:03:27.343,2.3041417805046316,0.0029229386563249804,2.2976077187005197,2.291395106927166,0.0024635883912849815
2025-06-11 00:03:51.391,2.305016386019404,0.0003795797299335213,2.299834140398663,2.293156930894123,0.002097046980548107
2025-06-11 01:03:44.285,2.2954772928945966,-0.004138405775622633,2.2999888475274384,2.293293548828395,0.0024020883335361142
2025-06-11 02:03:55.142,2.282952104912503,-0.005456463464423744,2.297002821596253,2.293245729081589,0.0030125217066141615
2025-06-11 03:03:30.469,2.2864249435106334,0.0015212051933359838,2.2948025015683537,2.291952705549204,0.00310976170065304
2025-06-11 04:03:10.276,2.2984490216055016,0.005258899107532411,2.2936639497885283,2.2908201335217018,0.003776781926601827
2025-06-11 05:03:09.870,2.2909115393985684,-0.003279377587268928,2.290842980464361,2.290734730451222,0.0039832595561787336
2025-06-11 06:02:55.901,2.296869931397179,0.002600882616434319,2.291121508164877,2.2922177640960912,0.003940124128170484
2025-06-11 07:03:13.670,2.2923813612950705,-0.00195421170382859,2.2930073594413907,2.293183889657601,0.003957441386235835
2025-06-11 08:02:49.446,2.294332649945946,0.000851205948461109,2.2945889007284532,2.2945349397195485,0.0036917821654399853
2025-06-11 09:03:31.257,2.324773511930683,0.013267850233249279,2.2998537987934897,2.2970418224275124,0.005483340631646351
2025-06-11 10:03:46.935,2.308079628728363,-0.0071808643365246505,2.3032874166594484,2.297988179174157,0.00663640060938383
2025-06-11 11:03:15.948,2.323428483048274,0.0066500540661016405,2.3085991269896673,2.299903160893994,0.006791416412843432
2025-06-11 12:03:45.981,2.3136742713070473,-0.004198197539710624,2.3128577089920626,2.3009559633432355,0.006908521432371331
2025-06-11 13:04:00.364,2.32588092077976,0.005275872072440402,2.3191673631588254,2.302852921818544,0.007056239921922076
2025-06-11 14:03:35.763,2.315689851682533,-0.004381595380132719,2.3173506311091954,2.303622793230404,0.007326855619046782
2025-06-11 15:03:39.705,2.3282103063983395,0.005406792583518616,2.321376766643191,2.305169054589,0.007463856562713109
2025-06-11 16:03:29.531,2.3248520887659465,-0.0014424030437302227,2.321661487786725,2.307127374313757,0.005653282666595758
2025-06-11 17:03:33.699,2.3183708071285385,-0.00278782537122535,2.3226007949510232,2.309488621128159,0.00491672444575393
2025-06-11 18:03:36.970,2.307960830094273,-0.004490212265551685,2.319016776813926,2.3109243469004017,0.004428128735832248
2025-06-11 19:03:45.877,2.3037673802067125,-0.0018169501981492031,2.316632282518762,2.3112789041404818,0.00422332110440509
2025-06-11 20:00:40.864,2.2883095734315506,-0.006709794968003613,2.308652135925404,2.3111054397426813,0.003855205788570895
2025-06-11 21:03:26.686,2.295040128788787,0.002941278328501218,2.3026897439299723,2.3109834529021214,0.004181471431804372
2025-06-11 22:03:17.098,2.27918121917146,-0.006910079444099493,2.2948518263385567,2.3101034434272143,0.0034262440461721947
2025-06-11 23:03:36.304,2.260319443646515,-0.00827568047958982,2.285323549049005,2.3078358963405856,0.003845980036752595
2025-06-12 00:03:34.656,2.2703326175883136,0.0044299817753390425,2.2786365965253252,2.3042065033844272,0.005016702156815107
2025-06-12 01:03:17.539,2.267382295794775,-0.0012995108164691738,2.27445114099797,2.3014933478555215,0.005001111836895861
2025-06-12 02:03:45.047,2.25631961729724,-0.004879053046348836,2.2667070386996606,2.2970194234721197,0.005062894632788924
2025-06-12 03:03:04.385,2.2500748572302665,-0.0027676752970192675,2.2608857663114224,2.2927794625336673,0.004787728903040571
2025-06-12 04:03:48.752,2.245858282526095,-0.001873970855068241,2.257993534087338,2.287444619983423,0.004203632963629101
2025-06-12 05:03:40.750,2.246745852883986,0.00039520319015529104,2.2532761811464725,2.282848353396853,0.003996669465501655
2025-06-12 06:03:24.342,2.256141673212007,0.004181968474965769,2.251028056629919,2.2780437778510976,0.0034991872489078266
2025-06-12 07:03:56.285,2.250410870915576,-0.002540089731276507,2.2498463073535864,2.2730810299944064,0.0028793027238259443
2025-06-12 08:03:28.852,2.2392548397604615,-0.00495733081425076,2.247682303859625,2.2678066321698678,0.0032025551117319793
2025-06-12 09:03:57.236,2.2446530944541223,0.0024107370888784008,2.2474412662452306,2.2635861164605244,0.003211049791079414
2025-06-12 10:03:48.251,2.245222078194584,0.00025348404253100476,2.2471365113073505,2.2596830963263828,0.0030933201431263472
2025-06-12 11:02:32.755,2.237635923615912,-0.003378799207592209,2.2434353613881313,2.25630485300534,0.003267950382909415
2025-06-12 12:03:42.851,2.225640895452986,-0.005360580797050596,2.238481366295613,2.25167823744962,0.003695637283675376
2025-06-12 13:00:19.911,2.2331929848207985,0.003393220075728287,2.2372689953076805,2.2486123551595756,0.003506336643186532
2025-06-12 14:04:06.568,2.2445820240871104,0.005099890311192956,2.2372547812342782,2.247563193855615,0.004226991912330481
2025-06-12 15:03:43.262,2.250110116854914,0.0024628606611298842,2.2382323889663445,2.2462150271400554,0.0037906317569827348
2025-06-12 16:04:14.152,2.2302624643542424,-0.00882074719454784,2.23675769711401,2.2437403717106865,0.00509654908569031
2025-06-12 17:03:27.472,2.2425553284307065,0.005511846373661422,2.2401405837095547,2.2428227524529176,0.005653261591392559
2025-06-12 18:03:35.551,2.252918925067101,0.0046213337548495215,2.2440857717588147,2.243012356975373,0.00570161131921047
2025-06-12 19:03:41.638,2.2384519488205883,-0.006421436690661975,2.242859756705511,2.2425186013950063,0.005908782329973989
2025-06-12 20:08:07.244,2.207098557853913,-0.014006729509290938,2.2342574449053103,2.2398754483930015,0.007957944656044033
2025-06-12 21:01:46.782,2.1788077878874357,-0.012818081850402785,2.223966509611949,2.2347198560380304,0.008299179138380842
2025-06-12 22:03:41.244,2.19949928119393,0.009496704308440407,2.2153553001645934,2.2313257500565866,0.009570257633587178
2025-06-12 23:01:57.442,2.187667084704705,-0.005379495501722675,2.2023049320921144,2.227886566386203,0.009318808326945822
2025-06-13 00:03:19.217,2.193785180000558,0.0027966299528061622,2.193371578328108,2.224495372089299,0.008969318875448658
2025-06-13 01:03:41.941,2.1263953173594934,-0.03071853308857142,2.177230930229224,2.216573588033626,0.01295716957847855
2025-06-13 02:03:50.848,2.1121996613805436,-0.006675925150445461,2.163909304927846,2.208211170551268,0.012951866698699742
2025-06-13 03:03:51.903,2.1014052244512618,-0.005110519202633834,2.1442904935793123,2.199928792484487,0.012719967483779689
2025-06-13 04:03:45.998,2.127470129830264,0.01240355980641894,2.132251102604424,2.192880602151784,0.014249563393810774
2025-06-13 05:03:43.503,2.1241010694198215,-0.0015835993949825378,2.118314280488277,2.1848485385072984,0.013163551037321171
2025-06-13 06:03:43.542,2.115705134258984,-0.003952700406638643,2.116176243868175,2.1758882063342364,0.013165852311941641
2025-06-13 07:03:49.645,2.1131737867026206,-0.0011964557420475197,2.1163710689325903,2.168082294490795,0.012870526779377134
2025-06-13 08:03:06.141,2.1303692989146126,0.008137292029740673,2.12216388382526,2.160603225856389,0.007184804177267133
2025-06-13 09:03:14.260,2.137676884493918,0.003430196625077375,2.1242052347579916,2.1529204231515098,0.006538332669267096
2025-06-13 10:03:46.130,2.1319525598216944,-0.002677825032279757,2.125775532838366,2.145820463884917,0.006168160188904574
2025-06-13 11:03:13.871,2.142774225760046,0.005075941248550375,2.131189351138578,2.1415321750786593,0.004527828519616197
2025-06-13 12:02:43.394,2.154435552575735,0.005442163096558872,2.1394417043132012,2.1399073593912123,0.004628645974996446
2025-06-13 13:03:54.093,2.1525722154373073,-0.0008648841392353557,2.14388228761774,2.136778888340771,0.0040769444724886895
2025-06-13 14:03:26.734,2.1443839649135588,-0.0038039376635199407,2.145223703701668,2.1338933470213615,0.004559221641157762
2025-06-13 15:03:34.280,2.1391693599796366,-0.002431749639637104,2.1466670637332568,2.1302522923533,0.00393629843814045
2025-06-13 16:03:45.427,2.148105511230587,0.004177393065799784,2.147733320827365,2.1316996386113725,0.004034870258177193
2025-06-13 17:03:50.144,2.150646565360346,0.0011829279876962584,2.1469755233842873,2.1342627655433595,0.0037495861346163385
2025-06-13 18:03:39.431,2.1438225826441393,-0.0031729912418517747,2.1452255968256533,2.1370905894228844,0.0036429464095264676
2025-06-13 19:03:45.911,2.1306900032128815,-0.006125777169051161,2.142486804485518,2.1373052476483925,0.003419692021549795
2025-06-13 20:03:39.095,2.1253392396979063,-0.0025112820292518823,2.139720780429172,2.137387792333598,0.0034191688540165166
2025-06-13 21:03:37.289,2.1411544661994033,0.007441271589068821,2.138330571422935,2.1390844144629595,0.004721212829267278
2025-06-13 22:01:05.888,2.142108216509624,0.0004454374148510354,2.136622901652791,2.141013376450093,0.00461926109488595
2025-06-13 23:03:34.290,2.1419532042699556,-7.236433643897922e-05,2.1362490259779543,2.141785636807116,0.004276774559520138
2025-06-14 00:03:34.122,2.1487104343266283,0.0031547048008342404,2.1398531122007034,2.142521206795963,0.004459574956021229
2025-06-14 01:03:29.623,2.145672257912866,-0.0014139533951276206,2.1439197158436953,2.143435853335375,0.004305788450340716
2025-06-14 02:03:41.223,2.1391302164295793,-0.003048947228152299,2.1435148658897303,2.1431929193800103,0.0036708392684967972
2025-06-14 03:03:39.675,2.141889556149181,0.0012899353664439506,2.143471133817642,2.14235651961824,0.0034108871972988717
2025-06-14 04:00:19.496,2.158935267634183,0.007958258835552678,2.146867546490488,2.142780723098032,0.003572499657236647
2025-06-14 05:03:46.499,2.164142248303156,0.0024118280649882973,2.149953909285793,2.1440979419906716,0.0035817160570009447
2025-06-14 06:03:15.413,2.1580390970725394,-0.0028201248025178094,2.1524272771177277,2.1453559244635314,0.003913897275474641
2025-06-14 07:02:12.341,2.1564839872717436,-0.0007206124313990925,2.1558980312861604,2.145914489532942,0.003844315782294986
2025-06-14 08:03:44.509,2.1661349007919606,0.004475300339431998,2.1607471002147163,2.1469470452283828,0.003991542734538278
2025-06-14 09:03:26.907,2.1737195001766163,0.0035014436921185776,2.163703946723203,2.1489401730638815,0.0035252376478689816
2025-06-14 10:03:35.242,2.1658768354102342,-0.003607947007764678,2.164050864144619,2.151285961877038,0.004183595289039173
2025-06-14 11:03:39.045,2.170458563290737,0.0021154147851787375,2.1665347573882583,2.154293916783227,0.003161564621148229
2025-06-14 12:03:17.218,2.176811435737792,0.0029269724631013627,2.170600247081468,2.1566710480857862,0.0032118808689536563
2025-06-14 13:03:49.702,2.170790329338816,-0.0027660211169990845,2.171531332790839,2.1585831889410656,0.0032016578133630446
2025-06-14 14:03:24.400,2.1655288137405186,-0.002423778808660848,2.1698931955036196,2.1601548962391037,0.0033992082453435934
2025-06-14 15:03:35.467,2.1656624508247195,6.171106260643988e-05,2.1698503185865166,2.1612850306723095,0.0029394910077442785
2025-06-14 16:03:37.613,2.14887717997333,-0.007750640384884155,2.165534041923035,2.1614986921430073,0.003673122880272807
2025-06-14 17:03:47.822,2.1245261259942017,-0.011331989657701436,2.155076979974317,2.160525086113982,0.0052052645041189395
2025-06-14 18:03:29.610,2.13102084767595,0.0030570213292664405,2.147123083641744,2.1598005055490996,0.005361425111409771
2025-06-14 19:01:06.918,2.124083400366844,-0.003255457269069839,2.138834000967009,2.1574770477312772,0.0047757009836093545
2025-06-14 20:00:35.188,2.130304792059894,0.0029289771258396158,2.1317624692140438,2.15522121731506,0.005367430123247434
2025-06-14 21:03:39.138,2.127110040862069,-0.0014996685965935619,2.1274090413917914,2.1531592802343615,0.005385927163952928
2025-06-14 22:00:56.981,2.138076998316892,0.00515580164831464,2.13011921585633,2.151932147637372,0.006093893729239194
2025-06-14 23:03:29.409,2.1382323110335575,7.264131122863837e-05,2.1315615085278514,2.1500719749868114,0.0055133323395277324
2025-06-15 00:03:39.302,2.1406154626967804,0.0011145429104806315,2.1348679209938384,2.1478650391548224,0.002898456656240995
2025-06-15 01:03:40.306,2.149022425127591,0.003927357611543725,2.138611447607378,2.1467414118026458,0.003013676592744621
2025-06-15 02:03:28.783,2.1447745582596025,-0.0019766507870369043,2.142144351086885,2.1450291448005703,0.002722857627036233
2025-06-15 03:03:21.958,2.147060541176002,0.001065838322072521,2.1439410596587067,2.1430457518297845,0.0026369404141670066
2025-06-15 04:03:32.979,2.153110757531375,0.00281790673310911,2.1469167489582697,2.1418671137092886,0.0024170707070554653
2025-06-15 05:03:37.134,2.1596957054680823,0.0030583414781026885,2.1507327975125308,2.141478239824459,0.0020204659386386698
2025-06-15 06:03:15.656,2.160822085373586,0.0005215456523119943,2.1530927295617297,2.141155548794384,0.001976478318598841
2025-06-15 07:03:56.349,2.1545424547018768,-0.0029061303631684465,2.155046308850184,2.141533233776287,0.0025957652512725196
2025-06-15 08:03:37.381,2.1523763910393714,-0.0010053474034723564,2.1561094788228585,2.1433899181126317,0.0022989467117980507
2025-06-15 09:01:08.185,2.153986966216716,0.0007482776637255384,2.1562847205599267,2.144920992682016,0.002084720175400114
2025-06-15 10:03:14.147,2.155923487484434,0.0008990403832940252,2.155530276963197,2.1470436651565223,0.0020796466369046645
2025-06-15 11:03:39.704,2.162184787065844,0.0029042308865587785,2.1558028173016486,2.1491689981569184,0.002095253477393041
2025-06-15 12:03:39.804,2.1594757654314867,-0.0012529093954237736,2.1567894794475704,2.151326713128213,0.0018752630218203954
2025-06-15 13:03:20.788,2.164815563670065,0.0024727289484127724,2.159277313973709,2.1531092841517583,0.0020995661103960952
2025-06-15 14:03:26.262,2.1714359592116277,0.0030581799450568603,2.1627671125726917,2.1553228606969626,0.001784407583180218
2025-06-15 15:03:15.067,2.172965997616706,0.000704620552398838,2.1661756145991458,2.1574795630249577,0.001546507188439947
2025-06-15 16:03:49.869,2.1644286026100215,-0.003928913299171999,2.1666243777079814,2.1585066415237866,0.0025443493545432754
2025-06-15 17:03:40.327,2.1660515951668935,0.0007498480453063117,2.167939543655063,2.159925110650939,0.0025429686046395117
2025-06-15 18:03:51.844,2.169943624646516,0.0017968313812590786,2.1689651558503527,2.1614506495489736,0.0024120715203805082
2025-06-15 19:03:39.769,2.1666968635408717,-0.0014962421460018582,2.1680173367162014,2.1623563899496068,0.0024433360389926775
2025-06-15 20:03:38.562,2.163382469551948,-0.001529698983136596,2.1661006311032502,2.1626021742218646,0.002366270197136772
2025-06-15 21:03:29.187,2.1463235388501167,-0.007885305045188917,2.162479618351269,2.161635604453633,0.0033489930844532844
2025-06-15 22:03:37.825,2.157659612983389,0.005281624101902915,2.1608012219145682,2.161843415005734,0.004220106854759925
2025-06-15 23:03:07.982,2.165760289534026,0.003754381136807927,2.15996455489207,2.1627356749053774,0.004329629640373554
2025-06-16 00:03:38.466,2.165968155358516,9.597822321083527e-05,2.1598188132555993,2.163534420848164,0.004320213281895051
2025-06-16 01:03:25.052,2.1653728535216996,-0.00027484330060156825,2.1602168900495498,2.164164378583982,0.004247149479862741
2025-06-16 02:03:40.317,2.173824975729182,0.003903310320777509,2.1657171774253627,2.1649403911615375,0.004476432150251601
2025-06-16 03:03:36.658,2.1748477046698587,0.0004704743721759552,2.1691547957626565,2.165965187110763,0.0043899251874162685
2025-06-16 04:03:34.612,2.1728541195333597,-0.0009166550523138639,2.1705735617625233,2.1665010908349824,0.0024735292337028573
2025-06-16 05:03:35.311,2.1778726975946516,0.0023096709605012755,2.17295447020975,2.166930206727184,0.001972465922528101
2025-06-16 06:03:34.571,2.18239283301297,0.0020754819247748024,2.1763584661080047,2.167558662420268,0.001714384259489415
2025-06-16 07:03:35.844,2.181314666591014,-0.000494029491687531,2.1778564042803708,2.168684400019001,0.0017847340558966747
2025-06-16 08:03:18.323,2.200877536047965,0.008968384872011237,2.1830623705559917,2.171006129411072,0.003380887276527271
2025-06-16 09:03:44.359,2.2019215737826263,0.0004743733885967938,2.1888758614058452,2.173137992686813,0.0033634625559573724
2025-06-16 10:03:12.989,2.1995403245159775,-0.0010814414532295258,2.1932093867901106,2.17532755675182,0.0035165289067261136
2025-06-16 11:03:14.418,2.2068489618590936,0.003322802160821592,2.198100612559335,2.17822532290563,0.003368934152102337
2025-06-16 12:01:06.074,2.2434407634004185,0.016581017629090145,2.210525831921216,2.1846998045423165,0.006391263354253088
2025-06-16 13:03:54.291,2.250162726059293,0.0029962737454614086,2.220382869923482,2.1908666787473767,0.0063480476101320195
2025-06-16 14:03:08.664,2.25729628786079,0.003170242631291842,2.2314578127391145,2.1969690786358274,0.0060202858769109625
2025-06-16 15:01:38.878,2.2843316547315924,0.011976880047245952,2.2484160787822374,2.2048599785940324,0.006449642843432082
2025-06-16 16:02:53.871,2.290105928538862,0.0025277738437450292,2.2650674721181914,2.2131755169285103,0.0062340999339881645
2025-06-16 17:00:55.952,2.3105069516177075,0.008908331629821964,2.2784807097616495,2.222287648654412,0.0055436607667518276
2025-06-16 18:03:49.702,2.3145944362938717,0.0017690856430023771,2.2913670518085647,2.2316040974293463,0.005746062750266168
2025-06-16 19:03:42.754,2.3240558495726855,0.004087719701756143,2.3047189641509442,2.241684212765301,0.0038442730671253956
2025-06-16 20:03:28.343,2.3333581516201893,0.004002615534912435,2.3145242635286634,2.2520499097003372,0.003772274838720997
2025-06-16 21:02:38.202,2.31784322782553,-0.006649182331433523,2.3200717233859964,2.2610799360211744,0.005887964587354749
2025-06-16 21:49:27.000,2.29853391411077,-0.008330724650810306,2.3176771158846092,2.2688945525224913,0.006184961731074045
